variant,params,cost3_sharpe,n_trades,avg_leverage,max_leverage,pct_time_in_market,full_strat_cagr,full_strat_sharpe,full_strat_maxdd,full_strat_calmar,full_strat_total,full_bh_cagr,full_bh_sharpe,full_bh_maxdd,full_bh_total,full_excess_cagr,full_excess_total,full_beats_bh_total,full_beats_bh_sharpe,full_beats_bh_dd,pre2013_strat_cagr,pre2013_strat_sharpe,pre2013_strat_maxdd,pre2013_strat_calmar,pre2013_strat_total,pre2013_bh_cagr,pre2013_bh_sharpe,pre2013_bh_maxdd,pre2013_bh_total,pre2013_excess_cagr,pre2013_excess_total,pre2013_beats_bh_total,pre2013_beats_bh_sharpe,pre2013_beats_bh_dd,post2013_strat_cagr,post2013_strat_sharpe,post2013_strat_maxdd,post2013_strat_calmar,post2013_strat_total,post2013_bh_cagr,post2013_bh_sharpe,post2013_bh_maxdd,post2013_bh_total,post2013_excess_cagr,post2013_excess_total,post2013_beats_bh_total,post2013_beats_bh_sharpe,post2013_beats_bh_dd
rerisk_rebalance_i10+overlay_1x_ema300_volmult,"{""bull_overlay"": 1.0, ""bull_overlay_ma_days"": 300, ""bull_overlay_ma_type"": ""ema"", ""bull_overlay_vol_mult"": true, ""rerisk"": true, ""rerisk_inertia"": 0.1}",0.9605018788944523,158,1.565933192770898,3.0,0.7486953883495145,0.2180198048158315,0.9903445639935753,-0.34598485842718896,0.6301426189773933,70.32915000917524,0.12480751850603644,0.7642826197578884,-0.4509255385902531,11.739656070870243,0.09321228630979506,58.589493938305,True,True,True,0.22797784646345987,0.9926364159174533,-0.34598485842718896,0.6589243457064086,6.11484806814849,0.1275301471351744,0.7054957042645205,-0.3813637314369379,2.148150078165711,0.10044769932828546,3.966697989982779,True,True,True,0.21192539560965473,0.9966044588509343,-0.34536897688495305,0.6136202432572566,9.187209899813983,0.12172602185385584,0.8333394777673826,-0.24176451049203518,3.0034389021714203,0.0901993737557989,6.183770997642562,True,True,False
rerisk_rebalance_i10+overlay_0.75x_ema300_volmult,"{""bull_overlay"": 0.75, ""bull_overlay_ma_days"": 300, ""bull_overlay_ma_type"": ""ema"", ""bull_overlay_vol_mult"": true, ""rerisk"": true, ""rerisk_inertia"": 0.1}",0.9879632589680702,158,1.360457258066333,3.0,0.7486953883495145,0.20666711811588412,1.0188247069618137,-0.29744019948245526,0.6948190543022902,57.24704030517936,0.12480751850603644,0.7642826197578884,-0.4509255385902531,11.739656070870243,0.08185959960984768,45.507384234309114,True,True,True,0.20967236488429464,1.0238925177222669,-0.29744019948245526,0.7049227550584074,5.163738243441691,0.1275301471351744,0.7054957042645205,-0.3813637314369379,2.148150078165711,0.08214221774912023,3.01558816527598,True,True,True,0.20600758393964091,1.0218070724214816,-0.29391294026316017,0.7009136234532184,8.602482218721107,0.12172602185385584,0.8333394777673826,-0.24176451049203518,3.0034389021714203,0.08428156208578508,5.599043316549687,True,True,False
rerisk_rebalance_i10+research_overlay_1x_ema50_200,"{""rerisk"": true, ""rerisk_inertia"": 0.1, ""research_overlay"": 1.0, ""research_overlay_fast_days"": 50, ""research_overlay_mode"": ""ema_cross"", ""research_overlay_slow_days"": 200}",1.0020877332686795,58,1.3569618146724176,3.0,0.780370145631068,0.21383784375593318,1.0209617519857004,-0.3438941161392447,0.621813034071653,65.21387408610683,0.12480751850603644,0.7642826197578884,-0.4509255385902531,11.739656070870243,0.08903032524989674,53.47421801523659,True,True,True,0.20878235550859148,1.0031205651828086,-0.3198431567937119,0.6527648038543126,5.120545583175493,0.1275301471351744,0.7054957042645205,-0.3813637314369379,2.148150078165711,0.08125220837341707,2.9723955050097817,True,True,True,0.21958853956243263,1.0417774047876172,-0.3438941161392447,0.6385353201958244,9.992910653007929,0.12172602185385584,0.8333394777673826,-0.24176451049203518,3.0034389021714203,0.09786251770857679,6.9894717508365085,True,True,False
rerisk_rebalance_i25+overlay_1x_ema300,"{""bull_overlay"": 1.0, ""bull_overlay_ma_days"": 300, ""bull_overlay_ma_type"": ""ema"", ""rerisk"": true, ""rerisk_inertia"": 0.25}",0.9466379253157078,152,1.3656091945715674,3.0,0.777245145631068,0.21030948167392083,0.9739957059894657,-0.38462339811973256,0.5467932598537645,61.17205461364885,0.12480751850603644,0.7642826197578884,-0.4509255385902531,11.739656070870243,0.08550196316788439,49.4323985427786,True,True,True,0.20359702189307427,0.9489592688069053,-0.37127225187793855,0.5483766181373821,4.874243219461204,0.1275301471351744,0.7054957042645205,-0.3813637314369379,2.148150078165711,0.07606687475789986,2.7260931412954927,True,True,True,0.2173777549291822,1.0003588553923293,-0.38462339811973256,0.5651703874279456,9.754671063854824,0.12172602185385584,0.8333394777673826,-0.24176451049203518,3.0034389021714203,0.09565173307532637,6.7512321616834035,True,True,False
rerisk_rebalance_i25+overlay_1x_ema200,"{""bull_overlay"": 1.0, ""bull_overlay_ma_days"": 200, ""bull_overlay_ma_type"": ""ema"", ""rerisk"": true, ""rerisk_inertia"": 0.25}",0.9137300381855754,217,1.379136024390156,3.0,0.7495145631067961,0.2013244606865876,0.948049075319317,-0.39008424275707887,0.5161050835164352,51.914750369988184,0.12480751850603644,0.7642826197578884,-0.4509255385902531,11.739656070870243,0.07651694218055116,40.175094299117944,True,True,True,0.20097544557125446,0.9509180224063897,-0.31387236688829045,0.6403094594268094,4.753128778854714,0.1275301471351744,0.7054957042645205,-0.3813637314369379,2.148150078165711,0.07344529843608005,2.6049787006890033,True,True,True,0.20330702940284184,0.9522422150210305,-0.39008424275707887,0.5211874952084371,8.346015403695038,0.12172602185385584,0.8333394777673826,-0.24176451049203518,3.0034389021714203,0.081581007548986,5.3425765015236175,True,True,False
rerisk_rebalance_i10+research_overlay_1x_absmom252,"{""rerisk"": true, ""rerisk_inertia"": 0.1, ""research_overlay"": 1.0, ""research_overlay_days"": 252, ""research_overlay_mode"": ""abs_mom""}",0.9735849279464747,154,1.3755179891692946,3.0,0.7418082524271845,0.21210203823311335,1.002186302312422,-0.3539133963698573,0.5993049158598565,63.1951240357147,0.12480751850603644,0.7642826197578884,-0.4509255385902531,11.739656070870243,0.08729451972707691,51.45546796484446,True,True,True,0.20021369954789492,0.940674507074081,-0.3539133963698573,0.5657138203908549,4.718358554010151,0.1275301471351744,0.7054957042645205,-0.3813637314369379,2.148150078165711,0.07268355241272051,2.57020847584444,True,True,True,0.22333167708465895,1.0601676519734773,-0.3290851079666488,0.6786441308893641,10.407342874263751,0.12172602185385584,0.8333394777673826,-0.24176451049203518,3.0034389021714203,0.10160565523080312,7.403903972092331,True,True,False
overlay_1x_ema300,"{""bull_overlay"": 1.0, ""bull_overlay_ma_days"": 300, ""bull_overlay_ma_type"": ""ema""}",0.9100858234375478,152,1.3712926753563541,3.0,0.777245145631068,0.20363598799479865,0.936934500836063,-0.3887836226709698,0.5237771760955506,54.161990298925296,0.12480751850603644,0.7642826197578884,-0.4509255385902531,11.739656070870243,0.07882846948876221,42.42233422805505,True,True,True,0.19966651947674063,0.9180759369320354,-0.37127225187793667,0.5377900407768289,4.6934985261899556,0.1275301471351744,0.7054957042645205,-0.3813637314369379,2.148150078165711,0.07213637234156622,2.5453484480242445,True,True,True,0.20850080681311756,0.9585187190796457,-0.3887836226709698,0.5362900972543619,8.844973495339069,0.12172602185385584,0.8333394777673826,-0.24176451049203518,3.0034389021714203,0.08677478495926172,5.841534593167649,True,True,False
rerisk_rebalance_i10+research_overlay_1x_absmom300,"{""rerisk"": true, ""rerisk_inertia"": 0.1, ""research_overlay"": 1.0, ""research_overlay_days"": 300, ""research_overlay_mode"": ""abs_mom""}",0.9579354792178216,141,1.3673741531365737,3.0,0.7582524271844661,0.2102618139369361,0.9848280896693663,-0.42457046434935464,0.4952341992492529,61.11909614494516,0.12480751850603644,0.7642826197578884,-0.4509255385902531,11.739656070870243,0.08545429543089966,49.37944007407492,True,True,True,0.19965732318995655,0.9213618194229055,-0.42457046434935464,0.4702572127713293,4.6930815394921765,0.1275301471351744,0.7054957042645205,-0.3813637314369379,2.148150078165711,0.07212717605478214,2.5449314613264655,True,True,False,0.22045364645586418,1.045990563259252,-0.3539216140122434,0.6228883394734911,10.087447085089794,0.12172602185385584,0.8333394777673826,-0.24176451049203518,3.0034389021714203,0.09872762460200835,7.084008182918374,True,True,False
rerisk_pyramid_i25+overlay_1x_ema300,"{""bull_overlay"": 1.0, ""bull_overlay_ma_days"": 300, ""bull_overlay_ma_type"": ""ema"", ""rerisk"": true, ""rerisk_increase_only"": true, ""rerisk_inertia"": 0.25}",0.9182653371324582,152,1.3768009892926805,3.0,0.777245145631068,0.20670375414381614,0.9451829055257294,-0.4039544604855809,0.5117006355007049,57.28531567597527,0.12480751850603644,0.7642826197578884,-0.4509255385902531,11.739656070870243,0.0818962356377797,45.54565960510503,True,True,True,0.19889416868883103,0.9146938463173679,-0.37127225187793667,0.5357097593014345,4.65857300413291,0.1275301471351744,0.7054957042645205,-0.3813637314369379,2.148150078165711,0.07136402155365662,2.5104229259671986,True,True,True,0.2146438544137499,0.975895807857288,-0.4039544604855809,0.5313565646873494,9.466610575030026,0.12172602185385584,0.8333394777673826,-0.24176451049203518,3.0034389021714203,0.09291783255989405,6.463171672858606,True,True,False
rerisk_rebalance_i10+overlay_1x_ema300,"{""bull_overlay"": 1.0, ""bull_overlay_ma_days"": 300, ""bull_overlay_ma_type"": ""ema"", ""rerisk"": true, ""rerisk_inertia"": 0.1}",0.9575518740329443,152,1.3583970190955286,3.0,0.777245145631068,0.2076581382667939,0.9859735565588561,-0.37412808799329966,0.5550455711053507,58.29089961530577,0.12480751850603644,0.7642826197578884,-0.4509255385902531,11.739656070870243,0.08285061976075747,46.55124354443552,True,True,True,0.19804339824164208,0.9382651709181967,-0.36576350530713786,0.5414520458385854,4.620323492153298,0.1275301471351744,0.7054957042645205,-0.3813637314369379,2.148150078165711,0.07051325110646767,2.4721734139875866,True,True,True,0.21704898143306428,1.0317888686238115,-0.37412808799329966,0.5801461809436544,9.719648944080749,0.12172602185385584,0.8333394777673826,-0.24176451049203518,3.0034389021714203,0.09532295957920844,6.716210041909329,True,True,False
rerisk_pyramid_i10+overlay_1x_ema300,"{""bull_overlay"": 1.0, ""bull_overlay_ma_days"": 300, ""bull_overlay_ma_type"": ""ema"", ""rerisk"": true, ""rerisk_increase_only"": true, ""rerisk_inertia"": 0.1}",0.9118543012422756,152,1.3828338105007782,3.0,0.777245145631068,0.20581322114959466,0.9389203707962862,-0.40395446048557915,0.5094960974120548,56.36169548920581,0.12480751850603644,0.7642826197578884,-0.4509255385902531,11.739656070870243,0.08100570264355822,44.62203941833556,True,True,True,0.19778018631104843,0.9082801321785274,-0.37127225187793733,0.5327093132079054,4.60853681151959,0.1275301471351744,0.7054957042645205,-0.3813637314369379,2.148150078165711,0.07025003917587402,2.460386733353879,True,True,True,0.21393077182803188,0.9696800749979428,-0.40395446048557915,0.5295913097998061,9.39264855753431,0.12172602185385584,0.8333394777673826,-0.24176451049203518,3.0034389021714203,0.09220474997417605,6.389209655362889,True,True,False
overlay_1x_ema200,"{""bull_overlay"": 1.0, ""bull_overlay_ma_days"": 200, ""bull_overlay_ma_type"": ""ema""}",0.8771847161166663,217,1.3850297829209475,3.0,0.7495145631067961,0.19470050927882254,0.9108597268102117,-0.3942075495251862,0.4939035528703972,45.94847170031633,0.12480751850603644,0.7642826197578884,-0.4509255385902531,11.739656070870243,0.0698929907727861,34.20881562944609,True,True,True,0.19705350425293022,0.9191538861302228,-0.3138723668882938,0.6278141214102513,4.576110657943587,0.1275301471351744,0.7054957042645205,-0.3813637314369379,2.148150078165711,0.06952335711775581,2.4279605797778756,True,True,True,0.19453268304695337,0.9106170867489658,-0.3942075495251862,0.4934778222316225,7.555470770802954,0.12172602185385584,0.8333394777673826,-0.24176451049203518,3.0034389021714203,0.07280666119309753,4.552031868631533,True,True,False
rerisk_pyramid_i25+overlay_1x_ema200,"{""bull_overlay"": 1.0, ""bull_overlay_ma_days"": 200, ""bull_overlay_ma_type"": ""ema"", ""rerisk"": true, ""rerisk_increase_only"": true, ""rerisk_inertia"": 0.25}",0.8855523545229212,217,1.3907418937702352,3.0,0.7495145631067961,0.19774550113444578,0.9192660187038078,-0.4092437615056783,0.4831973501731731,48.6067396902977,0.12480751850603644,0.7642826197578884,-0.4509255385902531,11.739656070870243,0.07293798262840934,36.86708361942746,True,True,True,0.1962828357361628,0.9157067036535136,-0.3138723668882938,0.6253587650359143,4.541905226102182,0.1275301471351744,0.7054957042645205,-0.3813637314369379,2.148150078165711,0.06875268860098838,2.393755147936471,True,True,True,0.2006047279236296,0.9284074678652888,-0.4092437615056783,0.4901839607415645,8.095685314586262,0.12172602185385584,0.8333394777673826,-0.24176451049203518,3.0034389021714203,0.07887870606977376,5.092246412414842,True,True,False
rerisk_rebalance_i10+overlay_1x_ema200,"{""bull_overlay"": 1.0, ""bull_overlay_ma_days"": 200, ""bull_overlay_ma_type"": ""ema"", ""rerisk"": true, ""rerisk_inertia"": 0.1}",0.9241226881946221,217,1.3716570124347978,3.0,0.7495145631067961,0.1986928130987713,0.9597300701955462,-0.3796820678877323,0.5233136613592257,49.462605822018496,0.12480751850603644,0.7642826197578884,-0.4509255385902531,11.739656070870243,0.07388529459273485,37.72294975114825,True,True,True,0.19543392949531202,0.9403052153748046,-0.3078606976764181,0.6348128584465367,4.504444827524541,0.1275301471351744,0.7054957042645205,-0.3813637314369379,2.148150078165711,0.06790378236013761,2.3562947493588298,True,True,True,0.20298207035123594,0.9822378357391233,-0.3796820678877323,0.534610632207301,8.315581857180565,0.12172602185385584,0.8333394777673826,-0.24176451049203518,3.0034389021714203,0.0812560484973801,5.312142955009144,True,True,False
rerisk_pyramid_i10+overlay_1x_ema200,"{""bull_overlay"": 1.0, ""bull_overlay_ma_days"": 200, ""bull_overlay_ma_type"": ""ema"", ""rerisk"": true, ""rerisk_increase_only"": true, ""rerisk_inertia"": 0.1}",0.8791751380637726,217,1.3969979176412297,3.0,0.7495145631067961,0.19686159214387144,0.913007460591953,-0.409243761505679,0.4810374907599896,47.820656248015865,0.12480751850603644,0.7642826197578884,-0.4509255385902531,11.739656070870243,0.072054073637835,36.081000177145626,True,True,True,0.19517129086891383,0.9091409992602506,-0.31387236688829134,0.6218173737427998,4.492901162228679,0.1275301471351744,0.7054957042645205,-0.3813637314369379,2.148150078165711,0.06764114373373942,2.344751084062968,True,True,True,0.1998999016762879,0.9223540295020477,-0.409243761505679,0.48846169564276654,8.031412209079841,0.12172602185385584,0.8333394777673826,-0.24176451049203518,3.0034389021714203,0.07817387982243207,5.027973306908421,True,True,False
rerisk_rebalance_i10+research_overlay_0.75x_ema50_200,"{""rerisk"": true, ""rerisk_inertia"": 0.1, ""research_overlay"": 0.75, ""research_overlay_fast_days"": 50, ""research_overlay_mode"": ""ema_cross"", ""research_overlay_slow_days"": 200}",1.013629670003108,58,1.1961787969048345,3.0,0.780370145631068,0.2029189913659295,1.0355505745144782,-0.296972034783647,0.6832932653532918,53.455374632815676,0.12480751850603644,0.7642826197578884,-0.4509255385902531,11.739656070870243,0.07811147285989306,41.71571856194544,True,True,True,0.19427131930693675,1.0201814661289532,-0.2722718452893198,0.7135196777342195,4.453509227224485,0.1275301471351744,0.7054957042645205,-0.3813637314369379,2.148150078165711,0.06674117217176234,2.305359149058774,True,True,True,0.2115241352336621,1.0546792037196213,-0.296972034783647,0.7122695421060901,9.146553138583629,0.12172602185385584,0.8333394777673826,-0.24176451049203518,3.0034389021714203,0.08979811337980625,6.143114236412209,True,True,False
rerisk_rebalance_i25+overlay_1x_sma300,"{""bull_overlay"": 1.0, ""bull_overlay_ma_days"": 300, ""rerisk"": true, ""rerisk_inertia"": 0.25}",0.9306688201101505,141,1.3801053669304983,3.0,0.7476031553398058,0.20437003151335764,0.9571379470773413,-0.3961237290585251,0.5159247389675136,54.894461120807705,0.12480751850603644,0.7642826197578884,-0.4509255385902531,11.739656070870243,0.0795625130073212,43.154805049937465,True,True,True,0.1925285936124823,0.9160026234631875,-0.3961237290585251,0.48603145807515424,4.377948138310357,0.1275301471351744,0.7054957042645205,-0.3813637314369379,2.148150078165711,0.0649984464773079,2.229798060144646,True,True,False,0.21554742083999168,0.9960155186631979,-0.3432539200614565,0.6279532679521909,9.561023278980949,0.12172602185385584,0.8333394777673826,-0.24176451049203518,3.0034389021714203,0.09382139898613584,6.557584376809529,True,True,False
rerisk_rebalance_i10+research_overlay_1x_ema64_256,"{""rerisk"": true, ""rerisk_inertia"": 0.1, ""research_overlay"": 1.0, ""research_overlay_fast_days"": 64, ""research_overlay_mode"": ""ema_cross"", ""research_overlay_slow_days"": 256}",0.9610289949830896,59,1.3515897539706383,3.0,0.7922936893203884,0.20741366048805165,0.9796142806082618,-0.4002519608804257,0.518207731029745,58.03174133665706,0.12480751850603644,0.7642826197578884,-0.4509255385902531,11.739656070870243,0.08260614198201521,46.292085265786824,True,True,True,0.19023479273957533,0.8994446749818502,-0.4002519608804257,0.47528759714535795,4.279922788713219,0.1275301471351744,0.7054957042645205,-0.3813637314369379,2.148150078165711,0.06270464560440092,2.131772710547508,True,True,False,0.22291826525323377,1.0527667566635002,-0.34868236793040863,0.6393161391450819,10.360877027964309,0.12172602185385584,0.8333394777673826,-0.24176451049203518,3.0034389021714203,0.10119224339937793,7.357438125792888,True,True,False
rerisk_rebalance_i10+overlay_0.5x_ema300_volmult,"{""bull_overlay"": 0.5, ""bull_overlay_ma_days"": 300, ""bull_overlay_ma_type"": ""ema"", ""bull_overlay_vol_mult"": true, ""rerisk"": true, ""rerisk_inertia"": 0.1}",0.9974845793809659,158,1.154981323361768,3.0,0.7486953883495145,0.1939718807802968,1.028991285002324,-0.2469112947399692,0.785593388850742,45.3328322233073,0.12480751850603644,0.7642826197578884,-0.4509255385902531,11.739656070870243,0.06916436227426037,33.59317615243705,True,True,True,0.1895141147979933,1.0335181780641762,-0.2469112947399692,0.7675392695080115,4.249456683848472,0.1275301471351744,0.7054957042645205,-0.3813637314369379,2.148150078165711,0.061983967662818884,2.1013066056827614,True,True,True,0.19920747666065242,1.0333881542339662,-0.24478664163712538,0.8138004399601182,7.96867585927593,0.12172602185385584,0.8333394777673826,-0.24176451049203518,3.0034389021714203,0.07748145480679658,4.965236957104509,True,True,False
overlay_1x_sma300,"{""bull_overlay"": 1.0, ""bull_overlay_ma_days"": 300}",0.8940081996204003,141,1.386014194118708,3.0,0.7476031553398058,0.19772928721255978,0.9199727716302305,-0.3923965183279907,0.5039017370874955,48.59221214852399,0.12480751850603644,0.7642826197578884,-0.4509255385902531,11.739656070870243,0.07292176870652334,36.852556077653745,True,True,True,0.18863423658643375,0.8852348847875166,-0.3923965183279907,0.48072352270149576,4.212473957148229,0.1275301471351744,0.7054957042645205,-0.3813637314369379,2.148150078165711,0.061104089451259336,2.0643238789825182,True,True,False,0.20668381926379964,0.954056441825581,-0.3476938210218471,0.5944420256200434,8.667705655328545,0.12172602185385584,0.8333394777673826,-0.24176451049203518,3.0034389021714203,0.0849577974099438,5.664266753157125,True,True,False
rerisk_rebalance_i10+research_overlay_0.75x_absmom252,"{""rerisk"": true, ""rerisk_inertia"": 0.1, ""research_overlay"": 0.75, ""research_overlay_days"": 252, ""research_overlay_mode"": ""abs_mom""}",0.9927850859865865,154,1.2193727948952657,3.0,0.7418082524271845,0.20178147261541346,1.0225815139629226,-0.3022657423538728,0.6675631550041189,52.35200880024299,0.12480751850603644,0.7642826197578884,-0.4509255385902531,11.739656070870243,0.07697395410937702,40.612352729372745,True,True,True,0.1883160543825435,0.9730240095567931,-0.3022657423538728,0.6230148772932246,4.199157778566021,0.1275301471351744,0.7054957042645205,-0.3813637314369379,2.148150078165711,0.0607859072473691,2.05100770040031,True,True,True,0.21426537216545416,1.0684541176791638,-0.2864014397399389,0.7481295218348537,9.42729391418306,0.12172602185385584,0.8333394777673826,-0.24176451049203518,3.0034389021714203,0.09253935031159832,6.42385501201164,True,True,False
rerisk_rebalance_i10+research_overlay_0.75x_absmom300,"{""rerisk"": true, ""rerisk_inertia"": 0.1, ""research_overlay"": 0.75, ""research_overlay_days"": 300, ""research_overlay_mode"": ""abs_mom""}",0.9818553064556911,141,1.2091935353388785,3.0,0.7582524271844661,0.20055199360317943,1.0103066821296762,-0.3600323894080194,0.5570387540213689,51.18343262531827,0.12480751850603644,0.7642826197578884,-0.4509255385902531,11.739656070870243,0.075744475097143,39.44377655444802,True,True,True,0.1881705412163439,0.9593194160442173,-0.3600323894080194,0.5226489247974104,4.193078092867338,0.1275301471351744,0.7054957042645205,-0.3813637314369379,2.148150078165711,0.0606403940811695,2.0449280147016267,True,True,True,0.2121579734840615,1.0578404803702603,-0.30301868598353754,0.7001481535550836,9.210843652120264,0.12172602185385584,0.8333394777673826,-0.24176451049203518,3.0034389021714203,0.09043195163020568,6.207404749948844,True,True,False
rerisk_pyramid_i25+overlay_1x_sma300,"{""bull_overlay"": 1.0, ""bull_overlay_ma_days"": 300, ""rerisk"": true, ""rerisk_increase_only"": true, ""rerisk_inertia"": 0.25}",0.9022878286692337,141,1.3917409092041673,3.0,0.7476031553398058,0.2007819986632362,0.9283249308925476,-0.396123729058525,0.5068668800539637,51.400171286114706,0.12480751850603644,0.7642826197578884,-0.4509255385902531,11.739656070870243,0.07597448015719976,39.66051521524446,True,True,True,0.18786898843266786,0.8818288135730399,-0.396123729058525,0.4742684536449754,4.180499175153499,0.1275301471351744,0.7054957042645205,-0.3813637314369379,2.148150078165711,0.06033884129749345,2.032349096987788,True,True,False,0.21281763075888627,0.9714981507062839,-0.36388453778566865,0.5848493372483934,9.278149585293075,0.12172602185385584,0.8333394777673826,-0.24176451049203518,3.0034389021714203,0.09109160890503043,6.274710683121655,True,True,False
rerisk_rebalance_i10+overlay_1x_sma300,"{""bull_overlay"": 1.0, ""bull_overlay_ma_days"": 300, ""rerisk"": true, ""rerisk_inertia"": 0.1}",0.9414185336188107,141,1.372607233277434,3.0,0.7476031553398058,0.2017317278084758,0.9689411679167382,-0.3875105128877645,0.520583883789764,52.30424750176351,0.12480751850603644,0.7642826197578884,-0.4509255385902531,11.739656070870243,0.07692420930243937,40.56459143089327,True,True,True,0.18702607973646823,0.9048605092756171,-0.3875105128877645,0.4826348538075327,4.145482808138254,0.1275301471351744,0.7054957042645205,-0.3813637314369379,2.148150078165711,0.05949593260129382,1.9973327299725434,True,True,False,0.21521916263523133,1.0275166331644108,-0.33205304930651525,0.6481469243685951,9.526633959314625,0.12172602185385584,0.8333394777673826,-0.24176451049203518,3.0034389021714203,0.0934931407813755,6.523195057143204,True,True,False
rerisk_pyramid_i10+overlay_1x_sma300,"{""bull_overlay"": 1.0, ""bull_overlay_ma_days"": 300, ""rerisk"": true, ""rerisk_increase_only"": true, ""rerisk_inertia"": 0.1}",0.895872312474896,141,1.3980129279415987,3.0,0.7476031553398058,0.199895847415142,0.9220611084871319,-0.39283055840802084,0.5088602277410313,50.569820985791765,0.12480751850603644,0.7642826197578884,-0.4509255385902531,11.739656070870243,0.07508832890910555,38.830164914921525,True,True,True,0.186765250375726,0.8754130603158777,-0.39283055840802084,0.4754346279286622,4.134690372409123,0.1275301471351744,0.7054957042645205,-0.3813637314369379,2.148150078165711,0.05923510324055159,1.986540294243412,True,True,False,0.2121056412215827,0.965270206884034,-0.36388453778567154,0.5828927013835175,9.205521449783067,0.12172602185385584,0.8333394777673826,-0.24176451049203518,3.0034389021714203,0.09037961936772687,6.202082547611647,True,True,False
rerisk_rebalance_i10+research_overlay_0.75x_ema64_256,"{""rerisk"": true, ""rerisk_inertia"": 0.1, ""research_overlay"": 0.75, ""research_overlay_fast_days"": 64, ""research_overlay_mode"": ""ema_cross"", ""research_overlay_slow_days"": 256}",0.9833814723164332,59,1.1894640742586065,3.0,0.7922936893203884,0.19835431375331747,1.0050843663022953,-0.3355124710033397,0.5911980355309745,49.15517794917216,0.12480751850603644,0.7642826197578884,-0.4509255385902531,11.739656070870243,0.07354679524728103,37.41552187830192,True,True,True,0.1809486261647495,0.9390517345008584,-0.3355124710033397,0.5393201201243822,3.8992188753275396,0.1275301471351744,0.7054957042645205,-0.3813637314369379,2.148150078165711,0.05341847902957508,1.7510687971618286,True,True,True,0.21402718762325978,1.0637543304500579,-0.30190940219773166,0.7089119651963851,9.402620846234393,0.12172602185385584,0.8333394777673826,-0.24176451049203518,3.0034389021714203,0.09230116576940395,6.399181944062973,True,True,False
rerisk_rebalance_i25+overlay_0.5x_ema300,"{""bull_overlay"": 0.5, ""bull_overlay_ma_days"": 300, ""bull_overlay_ma_type"": ""ema"", ""rerisk"": true, ""rerisk_inertia"": 0.25}",0.9678850360418972,152,1.0447605725089553,3.0,0.777245145631068,0.19084427749994926,0.9969451013339788,-0.2739124157982412,0.6967346731756825,42.77660576492296,0.12480751850603644,0.7642826197578884,-0.4509255385902531,11.739656070870243,0.06603675899391281,31.03694969405272,True,True,True,0.1792417815614733,0.9925468811043675,-0.263460591447661,0.6803362149024911,3.8319813415972446,0.1275301471351744,0.7054957042645205,-0.3813637314369379,2.148150078165711,0.05171163442629889,1.6838312634315336,True,True,True,0.2018038029281659,1.0090133901851395,-0.2739124157982412,0.7367457307112754,8.205993692807674,0.12172602185385584,0.8333394777673826,-0.24176451049203518,3.0034389021714203,0.08007778107431007,5.2025547906362535,True,True,False
rerisk_rebalance_i10+research_overlay_0.5x_ema50_200,"{""rerisk"": true, ""rerisk_inertia"": 0.1, ""research_overlay"": 0.5, ""research_overlay_fast_days"": 50, ""research_overlay_mode"": ""ema_cross"", ""research_overlay_slow_days"": 200}",1.0077853093841553,58,1.0353957791372514,3.0,0.780370145631068,0.19108144561867602,1.032785580941243,-0.24942641083376949,0.766083451146729,42.96563314562797,0.12480751850603644,0.7642826197578884,-0.4509255385902531,11.739656070870243,0.06627392711263957,31.225977074757726,True,True,True,0.1786254932177822,1.016229217614928,-0.23558817537767995,0.7582107757803259,3.8079077436436544,0.1275301471351744,0.7054957042645205,-0.3813637314369379,2.148150078165711,0.051095346082607795,1.6597576654779433,True,True,True,0.20273002331648016,1.0536670219848063,-0.24942641083376949,0.8127849117453316,8.29203939570093,0.12172602185385584,0.8333394777673826,-0.24176451049203518,3.0034389021714203,0.08100400146262432,5.28860049352951,True,True,False
rerisk_rebalance_i25+overlay_0.5x_ema200,"{""bull_overlay"": 0.5, ""bull_overlay_ma_days"": 200, ""bull_overlay_ma_type"": ""ema"", ""rerisk"": true, ""rerisk_inertia"": 0.25}",0.9468617950367051,217,1.0649156552191719,3.0,0.7495145631067961,0.1862613329741527,0.9797540351575041,-0.2775361605351452,0.6711245576612562,39.27258262654846,0.12480751850603644,0.7642826197578884,-0.4509255385902531,11.739656070870243,0.061453814468116263,27.53292655567822,True,True,True,0.17772636371936645,0.9902635672640969,-0.24975156228859263,0.711612620520869,3.772978342571993,0.1275301471351744,0.7054957042645205,-0.3813637314369379,2.148150078165711,0.050196216584192044,1.6248282644062821,True,True,True,0.19474451170738205,0.9812480758438756,-0.2775361605351452,0.7016905881088638,7.573809973239028,0.12172602185385584,0.8333394777673826,-0.24176451049203518,3.0034389021714203,0.07301848985352621,4.5703710710676075,True,True,False
rerisk_rebalance_i25+overlay_1x_sma200,"{""bull_overlay"": 1.0, ""bull_overlay_ma_days"": 200, ""rerisk"": true, ""rerisk_inertia"": 0.25}",0.858187534284502,200,1.3825427359309925,3.0,0.7428398058252427,0.18511243580358605,0.8910203540169898,-0.42107339025468604,0.4396203609342801,38.43704761972539,0.12480751850603644,0.7642826197578884,-0.4509255385902531,11.739656070870243,0.06030491729754961,26.697391548855148,True,True,True,0.1771350699330212,0.8713145345358895,-0.42107339025468604,0.42067505103060804,3.7501317624682375,0.1275301471351744,0.7054957042645205,-0.3813637314369379,2.148150078165711,0.049604922797846784,1.6019816843025265,True,True,False,0.19314608401591737,0.9127768272844187,-0.3962995149827151,0.48737401059989083,7.4363108674084835,0.12172602185385584,0.8333394777673826,-0.24176451049203518,3.0034389021714203,0.07142006216206154,4.432871965237063,True,True,False
overlay_0.5x_ema300,"{""bull_overlay"": 0.5, ""bull_overlay_ma_days"": 300, ""bull_overlay_ma_type"": ""ema""}",0.9235710652162908,152,1.0504440532937422,3.0,0.777245145631068,0.18427909796870878,0.9519527715402909,-0.2806123774860755,0.6567033842897863,37.841376482702216,0.12480751850603644,0.7642826197578884,-0.4509255385902531,11.739656070870243,0.05947157946267234,26.101720411831973,True,True,True,0.17539335173084236,0.9490041754404759,-0.2806123774860755,0.6250378308403225,3.6834026199273726,0.1275301471351744,0.7054957042645205,-0.3813637314369379,2.148150078165711,0.04786320459566795,1.5352525417616616,True,True,True,0.19304015891613457,0.9621688506183276,-0.27882121206845534,0.6923438768666565,7.427270884170715,0.12172602185385584,0.8333394777673826,-0.24176451049203518,3.0034389021714203,0.07131413706227874,4.423831981999295,True,True,False
rerisk_rebalance_i10+research_overlay_0.5x_absmom300,"{""rerisk"": true, ""rerisk_inertia"": 0.1, ""research_overlay"": 0.5, ""research_overlay_days"": 300, ""research_overlay_mode"": ""abs_mom""}",0.9890472587821036,141,1.0510129175411833,3.0,0.7582524271844661,0.18971097049737629,1.0187497721840517,-0.2910552845986094,0.6518039030248299,41.8839906529853,0.12480751850603644,0.7642826197578884,-0.4509255385902531,11.739656070870243,0.06490345199133984,30.144334582115054,True,True,True,0.1750473599744642,0.9801092961340069,-0.2910552845986094,0.6014230602817253,3.670247265975494,0.1275301471351744,0.7054957042645205,-0.3813637314369379,2.148150078165711,0.04751721283928978,1.5220971878097829,True,True,True,0.20314245464819436,1.0557183604714901,-0.24957370872775908,0.8139577509335607,8.330591026548442,0.12172602185385584,0.8333394777673826,-0.24176451049203518,3.0034389021714203,0.08141643279433852,5.3271521243770215,True,True,False
rerisk_rebalance_i10+research_overlay_0.5x_absmom252,"{""rerisk"": true, ""rerisk_inertia"": 0.1, ""research_overlay"": 0.5, ""research_overlay_days"": 252, ""research_overlay_mode"": ""abs_mom""}",0.9950822589587837,154,1.0632276006212371,3.0,0.7418082524271845,0.19043152174264422,1.0256895554805865,-0.24986475602786873,0.7621383854608306,42.44947878181653,0.12480751850603644,0.7642826197578884,-0.4509255385902531,11.739656070870243,0.06562400323660778,30.709822710946288,True,True,True,0.17496782070547146,0.9871347648088232,-0.24986475602786873,0.7002501012425953,3.6672276923527285,0.1275301471351744,0.7054957042645205,-0.3813637314369379,2.148150078165711,0.047437673570297045,1.5190776141870175,True,True,True,0.20451286376705857,1.0625901163435119,-0.24325476023731973,0.8407352997636531,8.459744763095877,0.12172602185385584,0.8333394777673826,-0.24176451049203518,3.0034389021714203,0.08278684191320274,5.456305860924457,True,True,False
rerisk_pyramid_i25+overlay_0.5x_ema300,"{""bull_overlay"": 0.5, ""bull_overlay_ma_days"": 300, ""bull_overlay_ma_type"": ""ema"", ""rerisk"": true, ""rerisk_increase_only"": true, ""rerisk_inertia"": 0.25}",0.9321467071121402,152,1.0559523672300681,3.0,0.777245145631068,0.1872962421738289,0.960594709536763,-0.29672181662454356,0.631218305092894,40.03965102787221,0.12480751850603644,0.7642826197578884,-0.4509255385902531,11.739656070870243,0.062488723667792456,28.299994957001967,True,True,True,0.1746338751952956,0.9447479965970507,-0.28061237748607726,0.6223313339197241,3.6545690832584725,0.1275301471351744,0.7054957042645205,-0.3813637314369379,2.148150078165711,0.0471037280601212,1.5064190050927615,True,True,True,0.19910451326378187,0.9803784476643443,-0.29672181662454356,0.6710140680882877,7.959381195800157,0.12172602185385584,0.8333394777673826,-0.24176451049203518,3.0034389021714203,0.07737849140992603,4.955942293628737,True,True,False
overlay_0.5x_ema200,"{""bull_overlay"": 0.5, ""bull_overlay_ma_days"": 200, ""bull_overlay_ma_type"": ""ema""}",0.9027821989410241,217,1.070809413749963,3.0,0.7495145631067961,0.17972141942786313,0.9349058222810336,-0.2830503781049858,0.6349449897615149,34.73238528652446,0.12480751850603644,0.7642826197578884,-0.4509255385902531,11.739656070870243,0.054913900921826686,22.99272921565422,True,True,True,0.17388287942180725,0.9463696348742109,-0.2830503781049858,0.6143177782907345,3.626213905674817,0.1275301471351744,0.7054957042645205,-0.3813637314369379,2.148150078165711,0.046352732286632836,1.4780638275091058,True,True,True,0.18603234457958573,0.9346684236392829,-0.28242045807403227,0.6587070421464303,6.8485627478041105,0.12172602185385584,0.8333394777673826,-0.24176451049203518,3.0034389021714203,0.06430632272572989,3.84512384563269,True,True,False
rerisk_rebalance_i10+overlay_0.5x_ema300,"{""bull_overlay"": 0.5, ""bull_overlay_ma_days"": 300, ""bull_overlay_ma_type"": ""ema"", ""rerisk"": true, ""rerisk_inertia"": 0.1}",0.9856329556671114,152,1.0375483970329162,3.0,0.777245145631068,0.18823573354828804,1.0161103454267342,-0.2615286588504703,0.7197518404891616,40.7480464141061,0.12480751850603644,0.7642826197578884,-0.4509255385902531,11.739656070870243,0.0634282150422516,29.008390343235856,True,True,True,0.17380073257852469,0.984015594509109,-0.25700722756601246,0.6762484239237352,3.623121709110521,0.1275301471351744,0.7054957042645205,-0.3813637314369379,2.148150078165711,0.046270585443350276,1.4749716309448098,True,True,True,0.20147936439237624,1.0482165716037557,-0.2615286588504703,0.770391150545274,8.176026666529777,0.12172602185385584,0.8333394777673826,-0.24176451049203518,3.0034389021714203,0.0797533425385204,5.172587764358357,True,True,False
rerisk_rebalance_i25+overlay_0.5x_sma300,"{""bull_overlay"": 0.5, ""bull_overlay_ma_days"": 300, ""rerisk"": true, ""rerisk_inertia"": 0.25}",0.9571464468616905,141,1.0663599832204218,3.0,0.7476031553398058,0.18781246153553655,0.9856562172874584,-0.2812343796864937,0.6678147307057576,40.42745920397703,0.12480751850603644,0.7642826197578884,-0.4509255385902531,11.739656070870243,0.0630049430295001,28.687803133106787,True,True,True,0.17362751475368965,0.9700860171990104,-0.2812343796864937,0.6173765630903345,3.6166074551621454,0.1275301471351744,0.7054957042645205,-0.3813637314369379,2.148150078165711,0.04609736761851524,1.4684573769964344,True,True,True,0.20085285274714382,1.0058455091512364,-0.25033898521074127,0.802323507775112,8.118411472058884,0.12172602185385584,0.8333394777673826,-0.24176451049203518,3.0034389021714203,0.07912683089328798,5.114972569887464,True,True,False
rerisk_pyramid_i10+overlay_0.5x_ema300,"{""bull_overlay"": 0.5, ""bull_overlay_ma_days"": 300, ""bull_overlay_ma_type"": ""ema"", ""rerisk"": true, ""rerisk_increase_only"": true, ""rerisk_inertia"": 0.1}",0.9242512259731822,152,1.061985188438166,3.0,0.777245145631068,0.18641997462382442,0.9528416571538655,-0.29672181662454356,0.6282651432392334,39.38927280246903,0.12480751850603644,0.7642826197578884,-0.4509255385902531,11.739656070870243,0.061612456117787984,27.649616731598787,True,True,True,0.17354237280388762,0.9362276635968433,-0.2829456499689973,0.6133417241894438,3.6134085102447093,0.1275301471351744,0.7054957042645205,-0.3813637314369379,2.148150078165711,0.046012225668713214,1.4652584320789983,True,True,True,0.1984005002469964,0.9731478575625103,-0.29672181662454356,0.6686414315737428,7.896065210494152,0.12172602185385584,0.8333394777673826,-0.24176451049203518,3.0034389021714203,0.07667447839314057,4.892626308322732,True,True,False
overlay_1x_sma200,"{""bull_overlay"": 1.0, ""bull_overlay_ma_days"": 200}",0.8222001966765204,200,1.3884894525926763,3.0,0.7428398058252427,0.1785778754542393,0.8543965783877167,-0.42107339025468615,0.42410154521098214,33.99041573800526,0.12480751850603644,0.7642826197578884,-0.4509255385902531,11.739656070870243,0.05377035694820287,22.250759667135018,True,True,True,0.17329098245808838,0.8404632769702668,-0.42107339025468615,0.411545793366979,3.6039748744521853,0.1275301471351744,0.7054957042645205,-0.3813637314369379,2.148150078165711,0.04576083532291397,1.4558247962864743,True,True,False,0.18444582985092373,0.8716548710065224,-0.40038080369549456,0.4606760068127594,6.72271475296141,0.12172602185385584,0.8333394777673826,-0.24176451049203518,3.0034389021714203,0.06271980799706789,3.71927585078999,True,True,False
rerisk_pyramid_i25+overlay_0.5x_ema200,"{""bull_overlay"": 0.5, ""bull_overlay_ma_days"": 200, ""bull_overlay_ma_type"": ""ema"", ""rerisk"": true, ""rerisk_increase_only"": true, ""rerisk_inertia"": 0.25}",0.9114847611344222,217,1.0765215245992508,3.0,0.7495145631067961,0.18272695220336188,0.943653533451017,-0.3002317246177937,0.6086197334275056,36.75470272546888,0.12480751850603644,0.7642826197578884,-0.4509255385902531,11.739656070870243,0.05791943369732544,25.01504665459864,True,True,True,0.17312437887295884,0.9420871204389838,-0.2830503781049871,0.611638041369246,3.5977324533820134,0.1275301471351744,0.7054957042645205,-0.3813637314369379,2.148150078165711,0.04559423173778443,1.4495823752163024,True,True,True,0.19206107743618617,0.9531308330803928,-0.3002317246177937,0.6397094700124951,7.34413257426143,0.12172602185385584,0.8333394777673826,-0.24176451049203518,3.0034389021714203,0.07033505558233033,4.340693672090009,True,True,False
rerisk_pyramid_i25+overlay_1x_sma200,"{""bull_overlay"": 1.0, ""bull_overlay_ma_days"": 200, ""rerisk"": true, ""rerisk_increase_only"": true, ""rerisk_inertia"": 0.25}",0.8308469151616736,200,1.3942528893848998,3.0,0.7428398058252427,0.1815817747613071,0.8630876782293492,-0.42107339025468615,0.431235454350315,35.97160700459687,0.12480751850603644,0.7642826197578884,-0.4509255385902531,11.739656070870243,0.05677425625527066,24.231950933726626,True,True,True,0.17253561236145254,0.8370036643057608,-0.42107339025468615,0.40975187783083233,3.5757327970567117,0.1275301471351744,0.7054957042645205,-0.3813637314369379,2.148150078165711,0.04500546522627813,1.4275827188910006,True,True,False,0.19046660126632053,0.8897179725919468,-0.41526379098947974,0.4586641200102751,7.210346928770699,0.12172602185385584,0.8333394777673826,-0.24176451049203518,3.0034389021714203,0.0687405794124647,4.206908026599279,True,True,False
rerisk_rebalance_i10+overlay_0.5x_ema200,"{""bull_overlay"": 0.5, ""bull_overlay_ma_days"": 200, ""bull_overlay_ma_type"": ""ema"", ""rerisk"": true, ""rerisk_inertia"": 0.1}",0.9640230918052308,217,1.0574366432638134,3.0,0.7495145631067961,0.18366283434947195,0.998485241791652,-0.26521420821678987,0.6925075228222438,37.406400306170525,0.12480751850603644,0.7642826197578884,-0.4509255385902531,11.739656070870243,0.05885531584343551,25.666744235300282,True,True,True,0.17229231236548204,0.9817591949383618,-0.23324921024465461,0.7386619323802425,3.5666692840697722,0.1275301471351744,0.7054957042645205,-0.3813637314369379,2.148150078165711,0.04476216523030763,1.4185192059040612,True,True,True,0.19442198604786642,1.0193019781159804,-0.26521420821678987,0.7330753029978814,7.545901427116542,0.12172602185385584,0.8333394777673826,-0.24176451049203518,3.0034389021714203,0.07269596419401059,4.542462524945122,True,True,False
rerisk_pyramid_i10+overlay_0.5x_ema200,"{""bull_overlay"": 0.5, ""bull_overlay_ma_days"": 200, ""bull_overlay_ma_type"": ""ema"", ""rerisk"": true, ""rerisk_increase_only"": true, ""rerisk_inertia"": 0.1}",0.9036584082251865,217,1.0827775484702453,3.0,0.7495145631067961,0.18185406333346443,0.935949110141738,-0.3002317246177947,0.6057123495692233,36.156387246005565,0.12480751850603644,0.7642826197578884,-0.4509255385902531,11.739656070870243,0.05704654482742799,24.41673117513532,True,True,True,0.17203428460214298,0.9335082470273077,-0.2853757113633635,0.6028343609912022,3.557074691995039,0.1275301471351744,0.7054957042645205,-0.3813637314369379,2.148150078165711,0.044504137466968574,1.408924613829328,True,True,True,0.1913612068649002,0.9460320012516937,-0.3002317246177947,0.6373783686867522,7.285165152733294,0.12172602185385584,0.8333394777673826,-0.24176451049203518,3.0034389021714203,0.06963518501104438,4.281726250561873,True,True,False
rerisk_rebalance_i10+overlay_1x_sma200,"{""bull_overlay"": 1.0, ""bull_overlay_ma_days"": 200, ""rerisk"": true, ""rerisk_inertia"": 0.1}",0.8672566776642944,200,1.3749965216136764,3.0,0.7428398058252427,0.18251631402505586,0.9013544552668481,-0.416000988112894,0.4387400973565109,36.60948676466279,0.12480751850603644,0.7642826197578884,-0.4509255385902531,11.739656070870243,0.05770879551901942,24.869830693792547,True,True,True,0.17170355762554834,0.8595392617760648,-0.416000988112894,0.41274795621146837,3.5448032218710086,0.1275301471351744,0.7054957042645205,-0.3813637314369379,2.148150078165711,0.04417341049037393,1.3966531437052976,True,True,False,0.19282388957017615,0.9411276496333694,-0.38600334220920507,0.499539430064494,7.408841356119066,0.12172602185385584,0.8333394777673826,-0.24176451049203518,3.0034389021714203,0.07109786771632032,4.405402453947645,True,True,False
rerisk_pyramid_i10+overlay_1x_sma200,"{""bull_overlay"": 1.0, ""bull_overlay_ma_days"": 200, ""rerisk"": true, ""rerisk_increase_only"": true, ""rerisk_inertia"": 0.1}",0.8246300801601072,200,1.4005651265074717,3.0,0.7428398058252427,0.18070980561014793,0.8569948449003275,-0.4210733902546876,0.42916462971180636,35.3857512923119,0.12480751850603644,0.7642826197578884,-0.4509255385902531,11.739656070870243,0.05590228710411149,23.64609522144166,True,True,True,0.17144613259742614,0.8305416860404783,-0.4210733902546876,0.4071644909542405,3.5352720722505833,0.1275301471351744,0.7054957042645205,-0.3813637314369379,2.148150078165711,0.04391598546225173,1.3871219940848722,True,True,False,0.18976774724040002,0.8838614648597622,-0.4152637909894783,0.4569812041358748,7.152331615156298,0.12172602185385584,0.8333394777673826,-0.24176451049203518,3.0034389021714203,0.06804172538654418,4.148892712984877,True,True,False
rerisk_rebalance_i10+research_overlay_0.5x_ema64_256,"{""rerisk"": true, ""rerisk_inertia"": 0.1, ""research_overlay"": 0.5, ""research_overlay_fast_days"": 64, ""research_overlay_mode"": ""ema_cross"", ""research_overlay_slow_days"": 256}",0.9891591760390939,59,1.0273383945465744,3.0,0.7922936893203884,0.1882074849540012,1.0140433479952211,-0.27888373951719236,0.6748600161480507,40.726577383214284,0.12480751850603644,0.7642826197578884,-0.4509255385902531,11.739656070870243,0.06339996644796475,28.98692131234404,True,True,True,0.17013958873738844,0.9628247800361123,-0.27888373951719236,0.6100735346992141,3.4871727058160884,0.1275301471351744,0.7054957042645205,-0.3813637314369379,2.148150078165711,0.04260944160221403,1.3390226276503774,True,True,True,0.20440134025322987,1.0603006491046325,-0.2528944903834377,0.8082475025190043,8.4491733012416,0.12172602185385584,0.8333394777673826,-0.24176451049203518,3.0034389021714203,0.08267531839937403,5.44573439907018,True,True,False
overlay_0.5x_sma300,"{""bull_overlay"": 0.5, ""bull_overlay_ma_days"": 300}",0.9129150738308178,141,1.0722688104086313,3.0,0.7476031553398058,0.1812639965458096,0.9407521939364827,-0.2812343796864947,0.6445300064233725,35.75706491051887,0.12480751850603644,0.7642826197578884,-0.4509255385902531,11.739656070870243,0.05645647803977316,24.017408839648628,True,True,True,0.1697974069603183,0.9269497305387355,-0.2812343796864947,0.603757645667644,3.4746512708046744,0.1275301471351744,0.7054957042645205,-0.3813637314369379,2.148150078165711,0.0422672598251439,1.3265011926389634,True,True,True,0.19209614313558632,0.9589878598763385,-0.2554071522933261,0.7521173209549381,7.347097127429679,0.12172602185385584,0.8333394777673826,-0.24176451049203518,3.0034389021714203,0.07037012128173048,4.343658225258259,True,True,False
rerisk_pyramid_i25+overlay_0.5x_sma300,"{""bull_overlay"": 0.5, ""bull_overlay_ma_days"": 300, ""rerisk"": true, ""rerisk_increase_only"": true, ""rerisk_inertia"": 0.25}",0.921557524586707,141,1.0779955254940907,3.0,0.7476031553398058,0.18427345928817185,0.9494637954990816,-0.2812343796864947,0.6552309127126997,37.83737532855811,0.12480751850603644,0.7642826197578884,-0.4509255385902531,11.739656070870243,0.05946594078213541,26.097719257687867,True,True,True,0.16904154622601952,0.9226953945824928,-0.2812343796864947,0.6010699915652494,3.4471029193244362,0.1275301471351744,0.7054957042645205,-0.3813637314369379,2.148150078165711,0.041511399090845114,1.2989528411587252,True,True,True,0.1981556989471902,0.9772335691351033,-0.27388892455997305,0.7234892731261222,7.874145149823281,0.12172602185385584,0.8333394777673826,-0.24176451049203518,3.0034389021714203,0.07642967709333437,4.870706247651861,True,True,False
rerisk_rebalance_i10+overlay_0.5x_sma300,"{""bull_overlay"": 0.5, ""bull_overlay_ma_days"": 300, ""rerisk"": true, ""rerisk_inertia"": 0.1}",0.9746292674544955,141,1.0588618495673572,3.0,0.7476031553398058,0.1852105728537734,1.004542957997442,-0.274936634284213,0.6736482147457796,38.50776685256251,0.12480751850603644,0.7642826197578884,-0.4509255385902531,11.739656070870243,0.06040305434773696,26.76811078169227,True,True,True,0.16821238880623635,0.961131464868504,-0.274936634284213,0.6118223904361485,3.4170579106070527,0.1275301471351744,0.7054957042645205,-0.3813637314369379,2.148150078165711,0.040682241671061936,1.2689078324413416,True,True,True,0.20052868129267187,1.0449865833569496,-0.23755317258653474,0.844142299213555,8.088730487765769,0.12172602185385584,0.8333394777673826,-0.24176451049203518,3.0034389021714203,0.07880265943881604,5.085291585594349,True,True,True
rerisk_pyramid_i10+overlay_0.5x_sma300,"{""bull_overlay"": 0.5, ""bull_overlay_ma_days"": 300, ""rerisk"": true, ""rerisk_increase_only"": true, ""rerisk_inertia"": 0.1}",0.9136904968102912,141,1.0842675442315222,3.0,0.7476031553398058,0.18339942836266077,0.9417415119367611,-0.2812343796864951,0.6521230745938833,37.221901778035146,0.12480751850603644,0.7642826197578884,-0.4509255385902531,11.739656070870243,0.058591909856624325,25.482245707164903,True,True,True,0.16795524038186982,0.9142264764917729,-0.2812343796864951,0.5972073562595627,3.4077769793423807,0.1275301471351744,0.7054957042645205,-0.3813637314369379,2.148150078165711,0.04042509324669541,1.2596269011766696,True,True,True,0.1974522533307146,0.9700094813998053,-0.2738889245599715,0.7209209121834347,7.811432446539387,0.12172602185385584,0.8333394777673826,-0.24176451049203518,3.0034389021714203,0.07572623147685875,4.807993544367966,True,True,False
rerisk_rebalance_i25+overlay_0.5x_sma200,"{""bull_overlay"": 0.5, ""bull_overlay_ma_days"": 200, ""rerisk"": true, ""rerisk_inertia"": 0.25}",0.9139205976675355,200,1.069991682181605,3.0,0.7428398058252427,0.17812030987395588,0.9458993099608252,-0.2950414808764755,0.6037127706409838,33.69766774059541,0.12480751850603644,0.7642826197578884,-0.4509255385902531,11.739656070870243,0.05331279136791944,21.95801166972517,True,True,True,0.16571815940404355,0.9390715640948946,-0.2950414808764755,0.5616774933197426,3.3277705278601823,0.1275301471351744,0.7054957042645205,-0.3813637314369379,2.148150078165711,0.03818801226886914,1.1796204496944713,True,True,True,0.18970151961099524,0.9599767282534699,-0.2813030177479259,0.6743671686486696,7.146853284011655,0.12172602185385584,0.8333394777673826,-0.24176451049203518,3.0034389021714203,0.0679754977571394,4.143414381840235,True,True,False
rerisk_rebalance_i25+overlay_0.25x_ema300,"{""bull_overlay"": 0.25, ""bull_overlay_ma_days"": 300, ""bull_overlay_ma_type"": ""ema"", ""rerisk"": true, ""rerisk_inertia"": 0.25}",0.9484925371574152,152,0.8843362614776491,3.0,0.777245145631068,0.17957724039310374,0.9776419969568033,-0.23661228287061276,0.758951472064121,34.63801708764986,0.12480751850603644,0.7642826197578884,-0.4509255385902531,11.739656070870243,0.0547697218870673,22.898361016779614,True,True,True,0.16499370853092854,0.9731191538893563,-0.23661228287061276,0.6973167518152573,3.3021415832258256,0.1275301471351744,0.7054957042645205,-0.3813637314369379,2.148150078165711,0.03746356139575413,1.1539915050601146,True,True,True,0.19292544858665228,0.9914212207512779,-0.21350264168073618,0.903620896996421,7.417491162842229,0.12172602185385584,0.8333394777673826,-0.24176451049203518,3.0034389021714203,0.07119942673279644,4.414052260670808,True,True,True
rerisk_rebalance_i25+overlay_0.25x_ema200,"{""bull_overlay"": 0.25, ""bull_overlay_ma_days"": 200, ""bull_overlay_ma_type"": ""ema"", ""rerisk"": true, ""rerisk_inertia"": 0.25}",0.9367437014652761,217,0.9078054706336796,3.0,0.7495145631067961,0.17726691713865983,0.9678415561343802,-0.23798118658682077,0.7448778606454631,33.15790188960985,0.12480751850603644,0.7642826197578884,-0.4509255385902531,11.739656070870243,0.05245939863262339,21.41824581873961,True,True,True,0.16418797406010444,0.9704252005746208,-0.23798118658682077,0.689919973990066,3.273796748856176,0.1275301471351744,0.7054957042645205,-0.3813637314369379,2.148150078165711,0.036657826924930026,1.125646670690465,True,True,True,0.18939333610579023,0.9767125555871256,-0.21557482389716587,0.8785503459167161,7.1214048164985755,0.12172602185385584,0.8333394777673826,-0.24176451049203518,3.0034389021714203,0.0676673142519344,4.117965914327155,True,True,True
rerisk_rebalance_i10+research_overlay_1x_breakout320,"{""rerisk"": true, ""rerisk_inertia"": 0.1, ""research_overlay"": 1.0, ""research_overlay_days"": 320, ""research_overlay_mode"": ""breakout_cont""}",0.9424406509370143,149,1.0719899285959795,3.0,0.7422633495145631,0.18207165771515665,0.9816371791667421,-0.27738778606019554,0.6563795050285507,36.30468382695537,0.12480751850603644,0.7642826197578884,-0.4509255385902531,11.739656070870243,0.05726413920912021,24.565027756085126,True,True,True,0.16295589978514924,0.9358800963778002,-0.27738778606019554,0.5874660240079439,3.230777006573666,0.1275301471351744,0.7054957042645205,-0.3813637314369379,2.148150078165711,0.03542575264997483,1.0826269284079548,True,True,True,0.19910886870771782,1.0236324003612527,-0.24967916480014052,0.7974588863556058,7.959774189366895,0.12172602185385584,0.8333394777673826,-0.24176451049203518,3.0034389021714203,0.07738284685386199,4.956335287195475,True,True,False
rerisk_rebalance_i25+overlay_0.25x_sma300,"{""bull_overlay"": 0.25, ""bull_overlay_ma_days"": 300, ""rerisk"": true, ""rerisk_inertia"": 0.25}",0.9423273139739684,141,0.9094872913653835,3.0,0.7476031553398058,0.1780482937630583,0.9711723239641015,-0.22682298291625436,0.7849658419702371,33.65180553001515,0.12480751850603644,0.7642826197578884,-0.4509255385902531,11.739656070870243,0.053240775257021866,21.91214945914491,True,True,True,0.16217255947668052,0.9600530520369551,-0.22682298291625436,0.7149741062022648,3.2036275134494954,0.1275301471351744,0.7054957042645205,-0.3813637314369379,2.148150078165711,0.03464241234150611,1.0554774352837843,True,True,True,0.19244169525532784,0.9895500201325724,-0.20095318916221316,0.9576443949838751,7.376362788341327,0.12172602185385584,0.8333394777673826,-0.24176451049203518,3.0034389021714203,0.070715673401472,4.3729238861699065,True,True,True
overlay_0.5x_sma200,"{""bull_overlay"": 0.5, ""bull_overlay_ma_days"": 200}",0.8704009235792132,200,1.075938398843289,3.0,0.7428398058252427,0.17162527816421647,0.9016207134343103,-0.2950414808764772,0.5816988094500161,29.78596780712599,0.12480751850603644,0.7642826197578884,-0.4509255385902531,11.739656070870243,0.046817759658180025,18.046311736255745,True,True,True,0.16191386361932492,0.8963917459795341,-0.2950414808764772,0.5487833884860149,3.194695797795636,0.1275301471351744,0.7054957042645205,-0.3813637314369379,2.148150078165711,0.034383716484150506,1.046545719629925,True,True,True,0.18102612636207893,0.9137039183495879,-0.28616184902759034,0.6326004915652654,6.457721759205586,0.12172602185385584,0.8333394777673826,-0.24176451049203518,3.0034389021714203,0.059300104508223095,3.4542828570341655,True,True,False
overlay_0.25x_ema300,"{""bull_overlay"": 0.25, ""bull_overlay_ma_days"": 300, ""bull_overlay_ma_type"": ""ema""}",0.9021352417740397,152,0.8900197422624361,3.0,0.777245145631068,0.17307405843360035,0.9305492687754154,-0.2704948353229524,0.6398423771269486,30.620236396915857,0.12480751850603644,0.7642826197578884,-0.4509255385902531,11.739656070870243,0.04826653992756391,18.880580326045614,True,True,True,0.16119167149177382,0.9256661522469464,-0.2704948353229524,0.595914045084528,3.16985129908615,0.1275301471351744,0.7054957042645205,-0.3813637314369379,2.148150078165711,0.033661524356599415,1.021701220920439,True,True,True,0.18422641766239378,0.9433465615241764,-0.21881990745176938,0.8419088546731041,6.705456638205633,0.12172602185385584,0.8333394777673826,-0.24176451049203518,3.0034389021714203,0.06250039580853795,3.702017736034213,True,True,True
rerisk_pyramid_i25+overlay_0.5x_sma200,"{""bull_overlay"": 0.5, ""bull_overlay_ma_days"": 200, ""rerisk"": true, ""rerisk_increase_only"": true, ""rerisk_inertia"": 0.25}",0.879292989815249,200,1.0817018356355126,3.0,0.7428398058252427,0.174610184699044,0.9105625790573332,-0.30388024933475266,0.5746019528458872,31.528336783389882,0.12480751850603644,0.7642826197578884,-0.4509255385902531,11.739656070870243,0.04980266619300755,19.78868071251964,True,True,True,0.16116309681054086,0.8921320221547423,-0.2950414808764772,0.5462387740590748,3.1688710022536153,0.1275301471351744,0.7054957042645205,-0.3813637314369379,2.148150078165711,0.03363294967536645,1.0207209240879043,True,True,True,0.187029412060858,0.9323421945683676,-0.30388024933475266,0.6154707733401505,6.928613309255472,0.12172602185385584,0.8333394777673826,-0.24176451049203518,3.0034389021714203,0.06530339020700215,3.925174407084052,True,True,False
rerisk_rebalance_i25+overlay_1x_ema100,"{""bull_overlay"": 1.0, ""bull_overlay_ma_days"": 100, ""bull_overlay_ma_type"": ""ema"", ""rerisk"": true, ""rerisk_inertia"": 0.25}",0.8306696387025484,350,1.4084682227010212,3.0,0.6956917475728155,0.18012812751530705,0.8795906649889695,-0.36002555892162746,0.5003203885158565,34.999870360548975,0.12480751850603644,0.7642826197578884,-0.4509255385902531,11.739656070870243,0.055320609009270605,23.260214289678732,True,True,True,0.1607871876676572,0.8153820444384795,-0.34880263033894576,0.46096896549035116,3.1559940794094645,0.1275301471351744,0.7054957042645205,-0.3813637314369379,2.148150078165711,0.033257040532482796,1.0078440012437535,True,True,True,0.1973457079197396,0.9355214756581414,-0.36002555892162746,0.5481436054452429,7.801969369615863,0.12172602185385584,0.8333394777673826,-0.24176451049203518,3.0034389021714203,0.07561968606588376,4.798530467444443,True,True,False
rerisk_pyramid_i25+overlay_0.25x_ema300,"{""bull_overlay"": 0.25, ""bull_overlay_ma_days"": 300, ""bull_overlay_ma_type"": ""ema"", ""rerisk"": true, ""rerisk_increase_only"": true, ""rerisk_inertia"": 0.25}",0.9109563259776559,152,0.8955280561987621,3.0,0.777245145631068,0.1760626267410541,0.9394346804071334,-0.2704948353229517,0.650890899749889,32.409803842859766,0.12480751850603644,0.7642826197578884,-0.4509255385902531,11.739656070870243,0.051255108235017666,20.670147771989523,True,True,True,0.16044136945621523,0.9211260371819752,-0.2704948353229517,0.5931402322882047,3.144179395827633,0.1275301471351744,0.7054957042645205,-0.3813637314369379,2.148150078165711,0.03291122232104082,0.9960293176619222,True,True,True,0.19024591930478718,0.9619544120504995,-0.23821005025818254,0.7986477442853074,7.191986254380531,0.12172602185385584,0.8333394777673826,-0.24176451049203518,3.0034389021714203,0.06851989745093134,4.188547352209111,True,True,True
overlay_0.25x_ema200,"{""bull_overlay"": 0.25, ""bull_overlay_ma_days"": 200, ""bull_overlay_ma_type"": ""ema""}",0.8905960111749317,217,0.9136992291644707,3.0,0.7495145631067961,0.17077647232937943,0.9209107774816188,-0.27180298098538613,0.6283097842056465,29.306987336465617,0.12480751850603644,0.7642826197578884,-0.4509255385902531,11.739656070870243,0.045968953823342984,17.567331265595374,True,True,True,0.16038856659077516,0.9229409022470079,-0.27180298098538613,0.5900912712925642,3.142378064620937,0.1275301471351744,0.7054957042645205,-0.3813637314369379,2.148150078165711,0.03285841945560075,0.9942279864552259,True,True,True,0.18072006199285395,0.928817691399604,-0.22087808028410716,0.8181892099043986,6.434416198865939,0.12172602185385584,0.8333394777673826,-0.24176451049203518,3.0034389021714203,0.058994040138998116,3.430977296694519,True,True,True
rerisk_rebalance_i10+overlay_0.5x_sma200,"{""bull_overlay"": 0.5, ""bull_overlay_ma_days"": 200, ""rerisk"": true, ""rerisk_inertia"": 0.1}",0.9299839349500948,200,1.0624454678642887,3.0,0.7428398058252427,0.17553964977711134,0.9635064454478183,-0.28886482041194717,0.6076878781112081,32.08982362038217,0.12480751850603644,0.7642826197578884,-0.4509255385902531,11.739656070870243,0.0507321312710749,20.350167549511927,True,True,True,0.1603395141282815,0.9295375406229066,-0.28886482041194717,0.555067639941835,3.1407053038148307,0.1275301471351744,0.7054957042645205,-0.3813637314369379,2.148150078165711,0.0328093669931071,0.9925552256491197,True,True,True,0.18938036559258142,0.9969863537484001,-0.26904531090793293,0.7038976630125593,7.120335367963451,0.12172602185385584,0.8333394777673826,-0.24176451049203518,3.0034389021714203,0.06765434373872559,4.11689646579203,True,True,False
rerisk_pyramid_i10+overlay_0.5x_sma200,"{""bull_overlay"": 0.5, ""bull_overlay_ma_days"": 200, ""rerisk"": true, ""rerisk_increase_only"": true, ""rerisk_inertia"": 0.1}",0.871611041611925,200,1.0880140727580845,3.0,0.7428398058252427,0.17374329190814786,0.9030067263528966,-0.30388024933475277,0.5717492080795065,31.012849174605705,0.12480751850603644,0.7642826197578884,-0.4509255385902531,11.739656070870243,0.048935773402111415,19.273193103735462,True,True,True,0.16008411723931038,0.883716598672505,-0.2950414808764742,0.5425817304188939,3.1320056639196947,0.1275301471351744,0.7054957042645205,-0.3813637314369379,2.148150078165711,0.032553970104135965,0.9838555857539837,True,True,True,0.186332505869504,0.9253651566334107,-0.30388024933475277,0.6131774153714122,6.8725831549708625,0.12172602185385584,0.8333394777673826,-0.24176451049203518,3.0034389021714203,0.06460648401564817,3.869144252799442,True,True,False
rerisk_pyramid_i25+overlay_0.25x_ema200,"{""bull_overlay"": 0.25, ""bull_overlay_ma_days"": 200, ""bull_overlay_ma_type"": ""ema"", ""rerisk"": true, ""rerisk_increase_only"": true, ""rerisk_inertia"": 0.25}",0.8994888786264714,217,0.9194113400137585,3.0,0.7495145631067961,0.1737591872186568,0.9298565015966167,-0.27180298098538846,0.6392835964812237,31.022230614256003,0.12480751850603644,0.7642826197578884,-0.4509255385902531,11.739656070870243,0.048951668712620355,19.28257454338576,True,True,True,0.15963878348008964,0.9183954350089464,-0.27180298098538846,0.5873327176226646,3.1168753017385704,0.1275301471351744,0.7054957042645205,-0.3813637314369379,2.148150078165711,0.03210863634491523,0.9687252235728594,True,True,True,0.18672174059617475,0.9475599097675379,-0.24021713593979455,0.777303999840264,6.9038320725188695,0.12172602185385584,0.8333394777673826,-0.24176451049203518,3.0034389021714203,0.06499571874231891,3.9003931703474493,True,True,True
rerisk_rebalance_i10+overlay_0.25x_ema300,"{""bull_overlay"": 0.25, ""bull_overlay_ma_days"": 300, ""bull_overlay_ma_type"": ""ema"", ""rerisk"": true, ""rerisk_inertia"": 0.1}",0.9677433464967359,152,0.8771240860016101,3.0,0.777245145631068,0.17699345531242838,0.9984269084876318,-0.21982061267932707,0.8051722409245822,32.98663990938679,0.12480751850603644,0.7642826197578884,-0.4509255385902531,11.739656070870243,0.05218593680639194,21.246983838516545,True,True,True,0.15961849681678952,0.9650107529911621,-0.21982061267932707,0.7261307066305014,3.116187238482313,0.1275301471351744,0.7054957042645205,-0.3813637314369379,2.148150078165711,0.032088349681615114,0.968037160316602,True,True,True,0.19260347085321916,1.032111651162207,-0.2051210053512933,0.9389748774064537,7.3900962798167225,0.12172602185385584,0.8333394777673826,-0.24176451049203518,3.0034389021714203,0.07087744899936332,4.386657377645302,True,True,True
rerisk_pyramid_i10+overlay_0.25x_ema300,"{""bull_overlay"": 0.25, ""bull_overlay_ma_days"": 300, ""bull_overlay_ma_type"": ""ema"", ""rerisk"": true, ""rerisk_increase_only"": true, ""rerisk_inertia"": 0.1}",0.9027020155431628,152,0.9015608774068599,3.0,0.777245145631068,0.1751946217382956,0.9313207167997724,-0.272860907024835,0.6420656723916478,31.880322946888008,0.12480751850603644,0.7642826197578884,-0.4509255385902531,11.739656070870243,0.050387103232259145,20.140666876017765,True,True,True,0.15936302447180228,0.9119619165338563,-0.272860907024835,0.584044912147483,3.107531184823946,0.1275301471351744,0.7054957042645205,-0.3813637314369379,2.148150078165711,0.031832877336627874,0.9593811066582352,True,True,True,0.18954708093453299,0.9545282771515826,-0.2382100502581821,0.7957140377960287,7.134091274689736,0.12172602185385584,0.8333394777673826,-0.24176451049203518,3.0034389021714203,0.06782105908067715,4.130652372518315,True,True,True
rerisk_rebalance_i10+overlay_0.25x_ema200,"{""bull_overlay"": 0.25, ""bull_overlay_ma_days"": 200, ""bull_overlay_ma_type"": ""ema"", ""rerisk"": true, ""rerisk_inertia"": 0.1}",0.9555791468053828,217,0.9003264586783211,3.0,0.7495145631067961,0.1746881958367552,0.9882917117105431,-0.22121960983500644,0.7896596326475938,31.57511147474502,0.12480751850603644,0.7642826197578884,-0.4509255385902531,11.739656070870243,0.04988067733071877,19.83545540387478,True,True,True,0.15881648265343795,0.9622775794448747,-0.22121960983500644,0.7179132210380852,3.089067662769204,0.1275301471351744,0.7054957042645205,-0.3813637314369379,2.148150078165711,0.03128633551826354,0.940917584603493,True,True,True,0.18907231527103052,1.0167110328929552,-0.2112456976566025,0.8950351054173105,7.094973844744853,0.12172602185385584,0.8333394777673826,-0.24176451049203518,3.0034389021714203,0.06734629341717469,4.091534942573433,True,True,True
rerisk_rebalance_i10+research_overlay_0.75x_breakout320,"{""rerisk"": true, ""rerisk_inertia"": 0.1, ""research_overlay"": 0.75, ""research_overlay_days"": 320, ""research_overlay_mode"": ""breakout_cont""}",0.9482824929738162,149,0.9916116456620802,3.0,0.7422633495145631,0.17819882448629154,0.9857125694708064,-0.24932230909341635,0.7147327695393829,33.74773437330524,0.12480751850603644,0.7642826197578884,-0.4509255385902531,11.739656070870243,0.0533913059802551,22.008078302435,True,True,True,0.15874728930761806,0.9413532202170504,-0.24932230909341635,0.6367151414763227,3.086735449237339,0.1275301471351744,0.7054957042645205,-0.3813637314369379,2.148150078165711,0.031217142172443646,0.9385853710716279,True,True,True,0.19550333925159236,1.0269566604743334,-0.22752647144799965,0.8592553561235794,7.639802286668507,0.12172602185385584,0.8333394777673826,-0.24176451049203518,3.0034389021714203,0.07377731739773652,4.636363384497087,True,True,True
rerisk_pyramid_i10+overlay_0.25x_ema200,"{""bull_overlay"": 0.25, ""bull_overlay_ma_days"": 200, ""bull_overlay_ma_type"": ""ema"", ""rerisk"": true, ""rerisk_increase_only"": true, ""rerisk_inertia"": 0.1}",0.8912887363374629,217,0.925667363884753,3.0,0.7495145631067961,0.17289288545820414,0.9217857126793745,-0.2741647937198576,0.6306166561811237,30.514741915533108,0.12480751850603644,0.7642826197578884,-0.4509255385902531,11.739656070870243,0.048085366952167696,18.775085844662865,True,True,True,0.15856118699797284,0.9092246142294446,-0.2741647937198576,0.5783426268800623,3.0804686396803582,0.1275301471351744,0.7054957042645205,-0.3813637314369379,2.148150078165711,0.031031039862798426,0.9323185615146472,True,True,True,0.1860249749556584,0.9402132208156532,-0.24021713593979088,0.7744034339094132,6.8479738400354515,0.12172602185385584,0.8333394777673826,-0.24176451049203518,3.0034389021714203,0.06429895310180256,3.844534937864031,True,True,True
overlay_0.25x_sma300,"{""bull_overlay"": 0.25, ""bull_overlay_ma_days"": 300}",0.8960714963918514,141,0.915396118553593,3.0,0.7476031553398058,0.17155354111009102,0.9241853359880018,-0.26114002817183424,0.6569408080066764,29.745208964467142,0.12480751850603644,0.7642826197578884,-0.4509255385902531,11.739656070870243,0.04674602260405458,18.0055528935969,True,True,True,0.15837972945136425,0.9129787123140085,-0.26114002817183424,0.6064934991396566,3.0743665239135023,0.1275301471351744,0.7054957042645205,-0.3813637314369379,2.148150078165711,0.03084958231618984,0.9262164457477913,True,True,True,0.18374619194899022,0.9414872310194805,-0.206355297906475,0.8904360286028046,6.667807307759705,0.12172602185385584,0.8333394777673826,-0.24176451049203518,3.0034389021714203,0.062020170095134386,3.6643684055882844,True,True,True
rerisk_rebalance_i25+overlay_0.25x_sma200,"{""bull_overlay"": 0.25, ""bull_overlay_ma_days"": 200, ""rerisk"": true, ""rerisk_inertia"": 0.25}",0.9190974249523671,200,0.9137161553069113,3.0,0.7428398058252427,0.17319293542615566,0.9496967316222771,-0.23236794551172557,0.7453391862838333,30.689639717399427,0.12480751850603644,0.7642826197578884,-0.4509255385902531,11.739656070870243,0.04838541692011922,18.949983646529184,True,True,True,0.15817278659659473,0.9417399966180294,-0.23236794551172557,0.680699681912939,3.0674173527045987,0.1275301471351744,0.7054957042645205,-0.3813637314369379,2.148150078165711,0.030642639461420318,0.9192672745388877,True,True,True,0.18688347128311222,0.9658868955935288,-0.21764324242423572,0.8586688435693961,6.916849715070979,0.12172602185385584,0.8333394777673826,-0.24176451049203518,3.0034389021714203,0.06515744942925639,3.913410812899559,True,True,True
rerisk_pyramid_i25+overlay_0.25x_sma300,"{""bull_overlay"": 0.25, ""bull_overlay_ma_days"": 300, ""rerisk"": true, ""rerisk_increase_only"": true, ""rerisk_inertia"": 0.25}",0.9049306904966188,141,0.9211228336390523,3.0,0.7476031553398058,0.17453823568949423,0.9331105988576734,-0.2611400281718358,0.6683702874330866,31.485253674787444,0.12480751850603644,0.7642826197578884,-0.4509255385902531,11.739656070870243,0.049730717183457784,19.7455976039172,True,True,True,0.1576312443474015,0.9084476254963858,-0.2611400281718358,0.6036272778667111,3.0492824775676306,0.1275301471351744,0.7054957042645205,-0.3813637314369379,2.148150078165711,0.03010109721222709,0.9011323994019196,True,True,True,0.1897632525721411,0.9601140114423985,-0.22605483231339107,0.8394567398986758,7.151959710597035,0.12172602185385584,0.8333394777673826,-0.24176451049203518,3.0034389021714203,0.06803723071828527,4.148520808425615,True,True,True
rerisk_rebalance_i25+overlay_0.5x_ema100,"{""bull_overlay"": 0.5, ""bull_overlay_ma_days"": 100, ""bull_overlay_ma_type"": ""ema"", ""rerisk"": true, ""rerisk_inertia"": 0.25}",0.8962541097360792,350,1.1086208611659145,3.0,0.6956917475728155,0.17547295342044267,0.9370522964544863,-0.2629169675608455,0.6674082507810527,32.049226649114644,0.12480751850603644,0.7642826197578884,-0.4509255385902531,11.739656070870243,0.05066543491440623,20.3095705782444,True,True,True,0.15738288690678837,0.9033576779318928,-0.2629169675608455,0.598603005225846,3.040989857271992,0.1275301471351744,0.7054957042645205,-0.3813637314369379,2.148150078165711,0.029852739771613956,0.8928397791062808,True,True,True,0.19166250901401738,0.9702949447649667,-0.26066910169714375,0.7352712989999823,7.310504277222849,0.12172602185385584,0.8333394777673826,-0.24176451049203518,3.0034389021714203,0.06993648716016154,4.307065375051429,True,True,False
overlay_1x_ema100,"{""bull_overlay"": 1.0, ""bull_overlay_ma_days"": 100, ""bull_overlay_ma_type"": ""ema""}",0.7945679292942498,350,1.414817957142568,3.0,0.6956917475728155,0.17362105001258943,0.8425456075531093,-0.36435207600694286,0.4765199965795749,30.94078934549578,0.12480751850603644,0.7642826197578884,-0.4509255385902531,11.739656070870243,0.04881353150655299,19.201133274625537,True,True,True,0.1569964863257738,0.7851160513455308,-0.34880263033894554,0.4501012110293262,3.02811822424715,0.1275301471351744,0.7054957042645205,-0.3813637314369379,2.148150078165711,0.029466339190599378,0.8799681460814388,True,True,True,0.18861483068532547,0.8936559453444509,-0.36435207600694286,0.5176718978862943,7.057443564396348,0.12172602185385584,0.8333394777673826,-0.24176451049203518,3.0034389021714203,0.06688880883146964,4.054004662224927,True,True,False
rerisk_rebalance_i10+overlay_0.25x_sma300,"{""bull_overlay"": 0.25, ""bull_overlay_ma_days"": 300, ""rerisk"": true, ""rerisk_inertia"": 0.1}",0.9613684908699047,141,0.9019891577123188,3.0,0.7476031553398058,0.1754678647189234,0.9917375631955512,-0.21852864966183705,0.802951306341076,32.04613119179738,0.12480751850603644,0.7642826197578884,-0.4509255385902531,11.739656070870243,0.05066034621288695,20.306475120927136,True,True,True,0.15681037362412442,0.9516485230215059,-0.21852864966183705,0.717573525790697,3.0219316154602476,0.1275301471351744,0.7054957042645205,-0.3813637314369379,2.148150078165711,0.029280226488950012,0.8737815372945366,True,True,True,0.19211985323525438,1.0301702284484906,-0.19401920862607525,0.9902104775899719,7.349102193559036,0.12172602185385584,0.8333394777673826,-0.24176451049203518,3.0034389021714203,0.07039383138139854,4.345663291387615,True,True,True
rerisk_pyramid_i10+overlay_0.25x_sma300,"{""bull_overlay"": 0.25, ""bull_overlay_ma_days"": 300, ""rerisk"": true, ""rerisk_increase_only"": true, ""rerisk_inertia"": 0.1}",0.8967032778344991,141,0.9273948523764839,3.0,0.7476031553398058,0.17367135860645688,0.9250249324223973,-0.26353644118663355,0.6590032020788532,30.970426780589925,0.12480751850603644,0.7642826197578884,-0.4509255385902531,11.739656070870243,0.04886384010042044,19.230770709719682,True,True,True,0.15655551068347262,0.8993354077003477,-0.26353644118663355,0.5940564044143017,3.0134734682374393,0.1275301471351744,0.7054957042645205,-0.3813637314369379,2.148150078165711,0.02902536354829821,0.8653233900717283,True,True,True,0.18906470272601905,0.9526958684700497,-0.2260548323133894,0.8363665611178381,7.094348031201076,0.12172602185385584,0.8333394777673826,-0.24176451049203518,3.0034389021714203,0.06733868087216321,4.090909129029655,True,True,True
rerisk_pyramid_i25+overlay_1x_ema100,"{""bull_overlay"": 1.0, ""bull_overlay_ma_days"": 100, ""bull_overlay_ma_type"": ""ema"", ""rerisk"": true, ""rerisk_increase_only"": true, ""rerisk_inertia"": 0.25}",0.8033978781983634,350,1.420971990566938,3.0,0.6956917475728155,0.17661231561524127,0.8513474148701609,-0.38012932269040345,0.46461113382479907,32.7493078087561,0.12480751850603644,0.7642826197578884,-0.4509255385902531,11.739656070870243,0.051804797109204825,21.009651737885857,True,True,True,0.15625160670021487,0.7816395934800352,-0.34880263033894554,0.4479656777484129,3.0034086135846794,0.1275301471351744,0.7054957042645205,-0.3813637314369379,2.148150078165711,0.028721459565040464,0.8552585354189683,True,True,True,0.19465679395299884,0.9116615971889536,-0.38012932269040345,0.5120804482413928,7.566211382767616,0.12172602185385584,0.8333394777673826,-0.24176451049203518,3.0034389021714203,0.072930772099143,4.562772480596196,True,True,False
rerisk_rebalance_i10+overlay_1x_ema100,"{""bull_overlay"": 1.0, ""bull_overlay_ma_days"": 100, ""bull_overlay_ma_type"": ""ema"", ""rerisk"": true, ""rerisk_inertia"": 0.1}",0.8393481666029894,350,1.4004105902830024,3.0,0.6956917475728155,0.17754293605431148,0.8900518225227423,-0.3590739505438333,0.4944467171328215,33.33159982614406,0.12480751850603644,0.7642826197578884,-0.4509255385902531,11.739656070870243,0.05273541754827504,21.591943755273814,True,True,True,0.15543113061257974,0.802739109685815,-0.3430970108752749,0.4530238553115323,2.9763484149541766,0.1275301471351744,0.7054957042645205,-0.3813637314369379,2.148150078165711,0.027900983477405328,0.8281983367884656,True,True,True,0.19702238159116847,0.9654501097811466,-0.3590739505438333,0.5486958363110702,7.773309428385961,0.12172602185385584,0.8333394777673826,-0.24176451049203518,3.0034389021714203,0.07529635973731263,4.76987052621454,True,True,False
rerisk_pyramid_i10+overlay_1x_ema100,"{""bull_overlay"": 1.0, ""bull_overlay_ma_days"": 100, ""bull_overlay_ma_type"": ""ema"", ""rerisk"": true, ""rerisk_increase_only"": true, ""rerisk_inertia"": 0.1}",0.79718932596091,350,1.4277120173313973,3.0,0.6956917475728155,0.17574402537742118,0.8451913363256611,-0.3801293226904021,0.4623269368792068,32.2145200639903,0.12480751850603644,0.7642826197578884,-0.4509255385902531,11.739656070870243,0.050936506871384735,20.474863993120056,True,True,True,0.15517728066106695,0.7752383113336478,-0.3488026303389451,0.44488563778970114,2.96800940227627,0.1275301471351744,0.7054957042645205,-0.3813637314369379,2.148150078165711,0.027647133525892542,0.819859324110559,True,True,True,0.19395548227597437,0.9056053796984405,-0.3801293226904021,0.5102355190681835,7.505681674031496,0.12172602185385584,0.8333394777673826,-0.24176451049203518,3.0034389021714203,0.07222946042211853,4.502242771860076,True,True,False
overlay_0.25x_sma200,"{""bull_overlay"": 0.25, ""bull_overlay_ma_days"": 200}",0.8733160454850345,200,0.9196628719685953,3.0,0.7428398058252427,0.16672495107429008,0.9031391388419654,-0.26202641386112946,0.6362906266490068,27.11699362320929,0.12480751850603644,0.7642826197578884,-0.4509255385902531,11.739656070870243,0.04191743256825364,15.377337552339046,True,True,True,0.15439301010498352,0.8951654618378994,-0.26202641386112946,0.5892268944565634,2.942344807579215,0.1275301471351744,0.7054957042645205,-0.3813637314369379,2.148150078165711,0.02686286296980911,0.7941947294135039,True,True,True,0.17822849956428843,0.9181516798908332,-0.22293251487224808,0.7994728793438796,6.247164387883022,0.12172602185385584,0.8333394777673826,-0.24176451049203518,3.0034389021714203,0.0565024777104326,3.243725485711602,True,True,True
rerisk_rebalance_i10+research_overlay_0.5x_breakout320,"{""rerisk"": true, ""rerisk_inertia"": 0.1, ""research_overlay"": 0.5, ""research_overlay_days"": 320, ""research_overlay_mode"": ""breakout_cont""}",0.9471893817392519,149,0.9112333627281808,3.0,0.7422633495145631,0.17402228088756178,0.9824936983536119,-0.22207639264400314,0.7836144977666585,31.17789035578987,0.12480751850603644,0.7642826197578884,-0.4509255385902531,11.739656070870243,0.049214762381525334,19.438234284919627,True,True,True,0.15420474071876722,0.9382488437848644,-0.22207639264400314,0.6943770064113175,2.9362060150939584,0.1275301471351744,0.7054957042645205,-0.3813637314369379,2.148150078165711,0.02667459358359281,0.7880559369282474,True,True,True,0.19161847599122894,1.0238752959342072,-0.20496016851245746,0.9349059252924179,7.3067967270958825,0.12172602185385584,0.8333394777673826,-0.24176451049203518,3.0034389021714203,0.0698924541373731,4.303357824924462,True,True,True
rerisk_rebalance_i25+overlay_0.25x_ema100,"{""bull_overlay"": 0.25, ""bull_overlay_ma_days"": 100, ""bull_overlay_ma_type"": ""ema"", ""rerisk"": true, ""rerisk_inertia"": 0.25}",0.9091314672183538,350,0.958697180398361,3.0,0.6956917475728155,0.17183255950120446,0.944231079173703,-0.24493048856080557,0.7015564314221581,29.90402864302938,0.12480751850603644,0.7642826197578884,-0.4509255385902531,11.739656070870243,0.04702504099516802,18.164372572159138,True,True,True,0.1539721618699681,0.9217093259177626,-0.24493048856080557,0.6286361603028588,2.9286342669322636,0.1275301471351744,0.7054957042645205,-0.3813637314369379,2.148150078165711,0.026442014734793684,0.7804841887665526,True,True,True,0.1878286693423532,0.9705086817237447,-0.21064530675116,0.8916821942975421,6.993322464841967,0.12172602185385584,0.8333394777673826,-0.24176451049203518,3.0034389021714203,0.06610264748849737,3.9898835626705464,True,True,True
rerisk_rebalance_i10+research_overlay_1x_breakout160,"{""rerisk"": true, ""rerisk_inertia"": 0.1, ""research_overlay"": 1.0, ""research_overlay_days"": 160, ""research_overlay_mode"": ""breakout_cont""}",0.9172438618130374,211,1.0694387986176317,3.0,0.7119538834951457,0.1752867474661426,0.9623699676051393,-0.24482029267204297,0.7159812838756536,31.93613745710241,0.12480751850603644,0.7642826197578884,-0.4509255385902531,11.739656070870243,0.05047922896010615,20.19648138623217,True,True,True,0.1537160468328982,0.9065706535611641,-0.24482029267204297,0.627872980442898,2.9203113728625576,0.1275301471351744,0.7054957042645205,-0.3813637314369379,2.148150078165711,0.02618589969772378,0.7721612946968466,True,True,True,0.19431906335994453,1.0116279000522428,-0.23395403522385372,0.8305865003525785,7.53701295177188,0.12172602185385584,0.8333394777673826,-0.24176451049203518,3.0034389021714203,0.0725930415060887,4.5335740496004595,True,True,True
rerisk_pyramid_i25+overlay_0.25x_sma200,"{""bull_overlay"": 0.25, ""bull_overlay_ma_days"": 200, ""rerisk"": true, ""rerisk_increase_only"": true, ""rerisk_inertia"": 0.25}",0.8823141573134425,200,0.9254263087608189,3.0,0.7428398058252427,0.16969734415316418,0.9121929148682564,-0.26202641386113046,0.6476344947540322,28.70829281004251,0.12480751850603644,0.7642826197578884,-0.4509255385902531,11.739656070870243,0.044889825647127735,16.96863673917227,True,True,True,0.15364710101298562,0.8906448274708533,-0.26202641386113046,0.5863802001824746,2.918073559697007,0.1275301471351744,0.7054957042645205,-0.3813637314369379,2.148150078165711,0.02611695387781121,0.7699234815312961,True,True,True,0.18421751339007386,0.936988172937434,-0.2422205761664098,0.7605361869154881,6.704757010039869,0.12172602185385584,0.8333394777673826,-0.24176451049203518,3.0034389021714203,0.062491491536218025,3.701318107868449,True,True,False
overlay_0.5x_ema100,"{""bull_overlay"": 0.5, ""bull_overlay_ma_days"": 100, ""bull_overlay_ma_type"": ""ema""}",0.8528870042004323,350,1.1149705956074611,3.0,0.6956917475728155,0.16899251670916837,0.8927253282463545,-0.2956314537295184,0.5716323976263514,28.32336649473654,0.12480751850603644,0.7642826197578884,-0.4509255385902531,11.739656070870243,0.04418499820313193,16.583710423866297,True,True,True,0.1536057931020436,0.8614925040004352,-0.2956314537295184,0.519585420171772,2.916733353608488,0.1275301471351744,0.7054957042645205,-0.3813637314369379,2.148150078165711,0.026075645966869176,0.768583275442777,True,True,True,0.18297281608241067,0.923720198248557,-0.2656674308725937,0.6887288196427775,6.607529731736851,0.12172602185385584,0.8333394777673826,-0.24176451049203518,3.0034389021714203,0.061246794228554835,3.604090829565431,True,True,False
rerisk_pyramid_i25+overlay_0.5x_ema100,"{""bull_overlay"": 0.5, ""bull_overlay_ma_days"": 100, ""bull_overlay_ma_type"": ""ema"", ""rerisk"": true, ""rerisk_increase_only"": true, ""rerisk_inertia"": 0.25}",0.86189202536276,350,1.121124629031831,3.0,0.6956917475728155,0.1719707158546795,0.9017312542513385,-0.2956314537295186,0.581706424283325,29.982957785811532,0.12480751850603644,0.7642826197578884,-0.4509255385902531,11.739656070870243,0.04716319734864305,18.24330171494129,True,True,True,0.15286039452560818,0.8572454695121746,-0.2956314537295186,0.5170640423987645,2.892619843851064,0.1275301471351744,0.7054957042645205,-0.3813637314369379,2.148150078165711,0.02533024739043377,0.744469765685353,True,True,True,0.1889859970191481,0.9423010541858376,-0.28389452955128136,0.6656908723033726,7.087880378099435,0.12172602185385584,0.8333394777673826,-0.24176451049203518,3.0034389021714203,0.06725997516529225,4.084441475928014,True,True,False
rerisk_rebalance_i10+overlay_0.25x_sma200,"{""bull_overlay"": 0.25, ""bull_overlay_ma_days"": 200, ""rerisk"": true, ""rerisk_inertia"": 0.1}",0.9372604998185556,200,0.906169940989595,3.0,0.7428398058252427,0.1706231407178731,0.969456626156402,-0.22564215607356497,0.7561669489731595,29.22122387758583,0.12480751850603644,0.7642826197578884,-0.4509255385902531,11.739656070870243,0.04581562221183666,17.48156780671559,True,True,True,0.1528290488933588,0.9329236064961617,-0.22564215607356497,0.6773071643737206,2.891608736981227,0.1275301471351744,0.7054957042645205,-0.3813637314369379,2.148150078165711,0.02529890175818439,0.7434586588155159,True,True,True,0.18656313298985672,1.0053323956848745,-0.20933816671186745,0.8912045802266042,6.8910848756661185,0.12172602185385584,0.8333394777673826,-0.24176451049203518,3.0034389021714203,0.06483711113600088,3.887645973494698,True,True,True
rerisk_pyramid_i10+overlay_0.25x_sma200,"{""bull_overlay"": 0.25, ""bull_overlay_ma_days"": 200, ""rerisk"": true, ""rerisk_increase_only"": true, ""rerisk_inertia"": 0.1}",0.8742048740761663,200,0.9317385458833908,3.0,0.7428398058252427,0.1688340430821349,0.9042154814087984,-0.26441993562506627,0.6385072391876413,28.23747694960573,0.12480751850603644,0.7642826197578884,-0.4509255385902531,11.739656070870243,0.04402652457609846,16.497820878735485,True,True,True,0.15257507231287315,0.8816003633439057,-0.26441993562506627,0.5770180374342753,2.8834249561926275,0.1275301471351744,0.7054957042645205,-0.3813637314369379,2.148150078165711,0.02504492517769874,0.7352748780269165,True,True,True,0.18352222317684186,0.9297054551169751,-0.2422205761664039,0.7576657032256554,6.650306086403451,0.12172602185385584,0.8333394777673826,-0.24176451049203518,3.0034389021714203,0.06179620132298602,3.646867184232031,True,True,False
rerisk_rebalance_i10+overlay_0.5x_ema100,"{""bull_overlay"": 0.5, ""bull_overlay_ma_days"": 100, ""bull_overlay_ma_type"": ""ema"", ""rerisk"": true, ""rerisk_inertia"": 0.1}",0.9118525356504835,350,1.1005632287478955,3.0,0.6956917475728155,0.1728980981228203,0.9545405647027653,-0.25956975548637695,0.6660949300462494,30.517772481087107,0.12480751850603644,0.7642826197578884,-0.4509255385902531,11.739656070870243,0.04809057961678387,18.778116410216864,True,True,True,0.15204271229608768,0.8930962735005167,-0.24670419979550318,0.6162955978135686,2.8663209224048907,0.1275301471351744,0.7054957042645205,-0.3813637314369379,2.148150078165711,0.02451256516091327,0.7181708442391797,True,True,True,0.19134082671816932,1.0080481138868562,-0.25956975548637695,0.7371460760504954,7.283453769870965,0.12172602185385584,0.8333394777673826,-0.24176451049203518,3.0034389021714203,0.06961480486431348,4.280014867699545,True,True,False
rerisk_pyramid_i10+overlay_0.5x_ema100,"{""bull_overlay"": 0.5, ""bull_overlay_ma_days"": 100, ""bull_overlay_ma_type"": ""ema"", ""rerisk"": true, ""rerisk_increase_only"": true, ""rerisk_inertia"": 0.1}",0.8542604190705121,350,1.1278646557962901,3.0,0.6956917475728155,0.17110577684428652,0.8941783759392132,-0.2979159818982735,0.5743423892670262,29.491963581669772,0.12480751850603644,0.7642826197578884,-0.4509255385902531,11.739656070870243,0.046298258338250076,17.75230751079953,True,True,True,0.15178914157725898,0.8489383151605041,-0.2979159818982735,0.5095031847908346,2.85819776529129,0.1275301471351744,0.7054957042645205,-0.3813637314369379,2.148150078165711,0.02425899444208457,0.710047687125579,True,True,True,0.18828794319389508,0.9352348455938141,-0.2838945295512809,0.6632320231442992,7.030724798749361,0.12172602185385584,0.8333394777673826,-0.24176451049203518,3.0034389021714203,0.06656192134003924,4.027285896577941,True,True,False
rerisk_rebalance_i10+research_overlay_0.75x_breakout160,"{""rerisk"": true, ""rerisk_inertia"": 0.1, ""research_overlay"": 0.75, ""research_overlay_days"": 160, ""research_overlay_mode"": ""breakout_cont""}",0.9265483573598563,211,0.9976856662860446,3.0,0.7119538834951457,0.17300959933267768,0.9683963128096181,-0.2242875617519099,0.7713740252972563,30.58266422600814,0.12480751850603644,0.7642826197578884,-0.4509255385902531,11.739656070870243,0.048202080826641236,18.8430081551379,True,True,True,0.151691251921245,0.9153295986262793,-0.2242875617519099,0.6763248516163125,2.8550659531796745,0.1275301471351744,0.7054957042645205,-0.3813637314369379,2.148150078165711,0.024161104786070586,0.7069158750139635,True,True,True,0.1918314381636026,1.0158811526382383,-0.2155362709449763,0.8900192868817646,7.324742080035334,0.12172602185385584,0.8333394777673826,-0.24176451049203518,3.0034389021714203,0.07010541630974676,4.321303177863913,True,True,True
overlay_0.25x_ema100,"{""bull_overlay"": 0.25, ""bull_overlay_ma_days"": 100, ""bull_overlay_ma_type"": ""ema""}",0.8635148550721039,350,0.9650469148399077,3.0,0.6956917475728155,0.1653720751009069,0.89773161920781,-0.2784438419360795,0.5939153617154523,26.419951253357,0.12480751850603644,0.7642826197578884,-0.4509255385902531,11.739656070870243,0.04056455659487046,14.680295182486756,True,True,True,0.1502060944058654,0.8757580818145614,-0.2784438419360795,0.5394484337001326,2.8078292833213863,0.1275301471351744,0.7054957042645205,-0.3813637314369379,2.148150078165711,0.022675947270691,0.6596792051556752,True,True,True,0.1791668050661146,0.9226633916146695,-0.21598189008131308,0.829545500313298,6.317168317315867,0.12172602185385584,0.8333394777673826,-0.24176451049203518,3.0034389021714203,0.05744078321225876,3.3137294151444463,True,True,True
rerisk_pyramid_i25+overlay_0.25x_ema100,"{""bull_overlay"": 0.25, ""bull_overlay_ma_days"": 100, ""bull_overlay_ma_type"": ""ema"", ""rerisk"": true, ""rerisk_increase_only"": true, ""rerisk_inertia"": 0.25}",0.8725751847386085,350,0.9712009482642777,3.0,0.6956917475728155,0.16834102154124309,0.9068212059002493,-0.2784438419360813,0.6045780016923015,27.971800882702194,0.12480751850603644,0.7642826197578884,-0.4509255385902531,11.739656070870243,0.043533503035206644,16.23214481183195,True,True,True,0.1494628906823685,0.8712538198880303,-0.2784438419360813,0.5367793004259679,2.7843861871591806,0.1275301471351744,0.7054957042645205,-0.3813637314369379,2.148150078165711,0.0219327435471941,0.6362361089934696,True,True,True,0.18516058836117222,0.9414669768528919,-0.23544247703066778,0.7864366307064207,6.779181051935523,0.12172602185385584,0.8333394777673826,-0.24176451049203518,3.0034389021714203,0.06343456650731638,3.7757421497641026,True,True,True
rerisk_rebalance_i25,"{""rerisk"": true, ""rerisk_inertia"": 0.25}",0.9030670802924728,112,2.0203918015616535,3.0,0.27848907766990294,0.16732929589841827,0.9315370974085995,-0.2274531384249553,0.735664924463665,27.433801979172333,0.12480751850603644,0.7642826197578884,-0.4509255385902531,11.739656070870243,0.04252177739238183,15.69414590830209,True,True,True,0.14943863214750897,0.9111323216660954,-0.2274531384249553,0.6570084421886927,2.783623175597305,0.1275301471351744,0.7054957042645205,-0.3813637314369379,2.148150078165711,0.021908485012334555,0.6354730974315941,True,True,True,0.18334217288456967,0.9567057962952169,-0.19299689356914462,0.9499747353129496,6.63626328790663,0.12172602185385584,0.8333394777673826,-0.24176451049203518,3.0034389021714203,0.06161615103071383,3.6328243857352094,True,True,True
rerisk_rebalance_i10+research_overlay_0.5x_breakout160,"{""rerisk"": true, ""rerisk_inertia"": 0.1, ""research_overlay"": 0.5, ""research_overlay_days"": 160, ""research_overlay_mode"": ""breakout_cont""}",0.9306644851378291,211,0.9259325339544573,3.0,0.7119538834951457,0.17049705819377858,0.9688756593735763,-0.2162320186912604,0.788491266121032,29.15087521533561,0.12480751850603644,0.7642826197578884,-0.4509255385902531,11.739656070870243,0.04568953968774214,17.411219144465367,True,True,True,0.1494184360896782,0.9179270402680846,-0.2162320186912604,0.6910097634662528,2.7829880475153224,0.1275301471351744,0.7054957042645205,-0.3813637314369379,2.148150078165711,0.021888288954503787,0.6348379693496113,True,True,True,0.18911841869002677,1.015004704570981,-0.19683627785002278,0.9607904638093363,7.098764871684891,0.12172602185385584,0.8333394777673826,-0.24176451049203518,3.0034389021714203,0.06739239683617093,4.09532596951347,True,True,True
rerisk_rebalance_i10+overlay_0.25x_ema100,"{""bull_overlay"": 0.25, ""bull_overlay_ma_days"": 100, ""bull_overlay_ma_type"": ""ema"", ""rerisk"": true, ""rerisk_inertia"": 0.1}",0.9269522368560182,350,0.9506395479803421,3.0,0.6956917475728155,0.16926574748605283,0.9638333039609671,-0.22832177057882763,0.7413473846884617,28.472017560716754,0.12480751850603644,0.7642826197578884,-0.4509255385902531,11.739656070870243,0.04445822898001639,16.73236148984651,True,True,True,0.14864781135424887,0.91242583660494,-0.22832177057882763,0.6510452813036877,2.758824542681255,0.1275301471351744,0.7054957042645205,-0.3813637314369379,2.148150078165711,0.02111766421907446,0.6106744645155442,True,True,True,0.1875080764806174,1.0102567264084772,-0.2094715777849221,0.8951480600062314,6.967308793855911,0.12172602185385584,0.8333394777673826,-0.24176451049203518,3.0034389021714203,0.06578205462676157,3.9638698916844906,True,True,True
rerisk_pyramid_i10+overlay_0.25x_ema100,"{""bull_overlay"": 0.25, ""bull_overlay_ma_days"": 100, ""bull_overlay_ma_type"": ""ema"", ""rerisk"": true, ""rerisk_increase_only"": true, ""rerisk_inertia"": 0.1}",0.8645095156813775,350,0.9779409750287367,3.0,0.6956917475728155,0.16747872439415024,0.8988620483581581,-0.2807841158980049,0.5964679442728414,27.512658440973865,0.12480751850603644,0.7642826197578884,-0.4509255385902531,11.739656070870243,0.042671205888113795,15.773002370103622,True,True,True,0.14839475593064533,0.862295674412751,-0.2807841158980049,0.5285012489258825,2.7509199977593095,0.1275301471351744,0.7054957042645205,-0.3813637314369379,2.148150078165711,0.020864608795470918,0.6027699195935985,True,True,True,0.1844647449777177,0.934148691339771,-0.23544247703066756,0.7834811598320478,6.724204202371444,0.12172602185385584,0.8333394777673826,-0.24176451049203518,3.0034389021714203,0.06273872312386186,3.720765300200024,True,True,True
baseline,{},0.8568992179544033,112,2.036254031733205,3.0,0.27848907766990294,0.16089352174407945,0.8846164926574659,-0.26174278795286654,0.6147008786849647,24.22815955368137,0.12480751850603644,0.7642826197578884,-0.4509255385902531,11.739656070870243,0.03608600323804301,12.488503482811126,True,True,True,0.14568725608693134,0.8642920724245898,-0.26174278795286654,0.5566046622578424,2.6672740806786517,0.1275301471351744,0.7054957042645205,-0.3813637314369379,2.148150078165711,0.01815710895175693,0.5191240025129407,True,True,True,0.17471289744514396,0.908620704344829,-0.19299689356914362,0.9052627439443776,5.9903035680897165,0.12172602185385584,0.8333394777673826,-0.24176451049203518,3.0034389021714203,0.05298687559128812,2.9868646659182962,True,True,True
rerisk_pyramid_i25,"{""rerisk"": true, ""rerisk_increase_only"": true, ""rerisk_inertia"": 0.25}",0.866036449808971,112,2.051627382470845,3.0,0.27848907766990294,0.16385102952098363,0.8938226795975881,-0.26174278795286554,0.6260001691068172,25.65594899782334,0.12480751850603644,0.7642826197578884,-0.4509255385902531,11.739656070870243,0.039043511014947185,13.916292926953098,True,True,True,0.14494697035918302,0.8597143384396595,-0.26174278795286554,0.5537763676043864,2.644696263741843,0.1275301471351744,0.7054957042645205,-0.3813637314369379,2.148150078165711,0.017416823224008615,0.49654618557613217,True,True,True,0.18068399015296888,0.9276225745209237,-0.1929968935691433,0.9362015461053875,6.431673879406346,0.12172602185385584,0.8333394777673826,-0.24176451049203518,3.0034389021714203,0.05895796829911304,3.4282349772349257,True,True,True
rerisk_rebalance_i25+overlay_0.25x_sma100,"{""bull_overlay"": 0.25, ""bull_overlay_ma_days"": 100, ""rerisk"": true, ""rerisk_inertia"": 0.25}",0.8948374661183865,303,0.9686638221534769,3.0,0.6860436893203884,0.16835676650678133,0.9285272547291756,-0.26058828092952246,0.6460642278549523,27.980249712326877,0.12480751850603644,0.7642826197578884,-0.4509255385902531,11.739656070870243,0.04354924800074489,16.240593641456634,True,True,True,0.14449386102691686,0.87420275860768,-0.26058828092952246,0.5544910174452397,2.6309384565700973,0.1275301471351744,0.7054957042645205,-0.3813637314369379,2.148150078165711,0.01696371389174245,0.48278837840438626,True,True,True,0.1892586126271334,0.9767354100402195,-0.20108340289114923,0.9411945983905153,7.1103028520111735,0.12172602185385584,0.8333394777673826,-0.24176451049203518,3.0034389021714203,0.06753259077327756,4.106863949839753,True,True,True
rerisk_rebalance_i10,"{""rerisk"": true, ""rerisk_inertia"": 0.1}",0.921263495361499,112,2.000263082600419,3.0,0.27848907766990294,0.1647724167419602,0.9512864461569905,-0.21045965400586086,0.7829168850452051,26.116289330029517,0.12480751850603644,0.7642826197578884,-0.4509255385902531,11.739656070870243,0.03996489823592375,14.376633259159274,True,True,True,0.1441352856793101,0.9018179302634446,-0.21045965400586086,0.6848594632551104,2.6200839723535725,0.1275301471351744,0.7054957042645205,-0.3813637314369379,2.148150078165711,0.0166051385441357,0.47193389418786147,True,True,True,0.18302284522937295,0.9964444341305615,-0.18675563275690454,0.9800124501069777,6.611415858911467,0.12172602185385584,0.8333394777673826,-0.24176451049203518,3.0034389021714203,0.06129682337551712,3.607976956740047,True,True,True
rerisk_pyramid_i10,"{""rerisk"": true, ""rerisk_increase_only"": true, ""rerisk_inertia"": 0.1}",0.8578758839933228,112,2.0684645993473074,3.0,0.27848907766990294,0.16299200943653447,0.8858045373104297,-0.2641372296207086,0.6170732148231622,25.233490009849856,0.12480751850603644,0.7642826197578884,-0.4509255385902531,11.739656070870243,0.03818449093049803,13.493833938979613,True,True,True,0.1438829933538388,0.8506057440532709,-0.2641372296207086,0.54472818375679,2.612464217705892,0.1275301471351744,0.7054957042645205,-0.3813637314369379,2.148150078165711,0.016352846218664396,0.4643141395401811,True,True,True,0.17999073979046476,0.9202982251329316,-0.19299689356914262,0.9326095174997295,6.37915025691919,0.12172602185385584,0.8333394777673826,-0.24176451049203518,3.0034389021714203,0.05826471793660892,3.3757113547477697,True,True,True
overlay_0.25x_sma100,"{""bull_overlay"": 0.25, ""bull_overlay_ma_days"": 100}",0.8495264408802323,303,0.9751028550008441,3.0,0.6860436893203884,0.16191544466194863,0.8823629378987302,-0.2934066716281437,0.55184649947959,24.713056495025125,0.12480751850603644,0.7642826197578884,-0.4509255385902531,11.739656070870243,0.037107926155912185,12.973400424154882,True,True,True,0.14075872664906752,0.8299429814940299,-0.2934066716281437,0.47973935244206584,2.519287579716945,0.1275301471351744,0.7054957042645205,-0.3813637314369379,2.148150078165711,0.013228579513893113,0.37113750155123393,True,True,True,0.18058632094248428,0.9287938057692585,-0.20648463130060601,0.874575118763109,6.424253348165795,0.12172602185385584,0.8333394777673826,-0.24176451049203518,3.0034389021714203,0.05886029908862844,3.420814445994375,True,True,True
rerisk_pyramid_i25+overlay_0.25x_sma100,"{""bull_overlay"": 0.25, ""bull_overlay_ma_days"": 100, ""rerisk"": true, ""rerisk_increase_only"": true, ""rerisk_inertia"": 0.25}",0.8586719455910551,303,0.981343434623204,3.0,0.6860436893203884,0.1648755848584631,0.8915458065618584,-0.29340667162814305,0.5619353641263573,26.16830332688311,0.12480751850603644,0.7642826197578884,-0.4509255385902531,11.739656070870243,0.04006806635242666,14.428647256012866,True,True,True,0.14002162732627843,0.8254916370398748,-0.29340667162814305,0.47722714193676774,2.497620905342944,0.1275301471351744,0.7054957042645205,-0.3813637314369379,2.148150078165711,0.01249148019110402,0.3494708271772331,True,True,True,0.18658731973115117,0.9475438430507851,-0.2261809554452413,0.8249470843548726,6.893027530082287,0.12172602185385584,0.8333394777673826,-0.24176451049203518,3.0034389021714203,0.06486129787729533,3.889588627910867,True,True,True
rerisk_rebalance_i10+overlay_0.25x_sma100,"{""bull_overlay"": 0.25, ""bull_overlay_ma_days"": 100, ""rerisk"": true, ""rerisk_inertia"": 0.1}",0.912103884752269,303,0.9604928725981446,3.0,0.6860436893203884,0.16579756795751743,0.9475191418330108,-0.24432397608266887,0.678597207755896,26.637381465742045,0.12480751850603644,0.7642826197578884,-0.4509255385902531,11.739656070870243,0.04099004945148099,14.897725394871802,True,True,True,0.1392132427585142,0.8637689310997717,-0.24432397608266887,0.5697895269656644,2.4739962175654377,0.1275301471351744,0.7054957042645205,-0.3813637314369379,2.148150078165711,0.011683095623339801,0.32584613939972673,True,True,True,0.1889376338262263,1.0168090223897706,-0.19989545587613333,0.9451822353745893,7.0839084770915,0.12172602185385584,0.8333394777673826,-0.24176451049203518,3.0034389021714203,0.06721161197237047,4.0804695749200794,True,True,True
rerisk_pyramid_i10+overlay_0.25x_sma100,"{""bull_overlay"": 0.25, ""bull_overlay_ma_days"": 100, ""rerisk"": true, ""rerisk_increase_only"": true, ""rerisk_inertia"": 0.1}",0.8506814464494865,303,0.9881782486029073,3.0,0.6860436893203884,0.1640158453859777,0.8836696873777017,-0.29569841558954857,0.5546727230816275,25.73774254891694,0.12480751850603644,0.7642826197578884,-0.4509255385902531,11.739656070870243,0.03920832687994125,13.998086478046698,True,True,True,0.13896226583863358,0.8167719418343893,-0.29569841558954857,0.46994592636412214,2.4666906466752194,0.1275301471351744,0.7054957042645205,-0.3813637314369379,2.148150078165711,0.011432118703459171,0.3185405685095084,True,True,True,0.18589063867085054,0.9401879020096744,-0.22618095544524253,0.8218668910692346,6.837246107304029,0.12172602185385584,0.8333394777673826,-0.24176451049203518,3.0034389021714203,0.0641646168169947,3.833807205132609,True,True,True
rerisk_rebalance_i25+overlay_0.5x_sma100,"{""bull_overlay"": 0.5, ""bull_overlay_ma_days"": 100, ""rerisk"": true, ""rerisk_inertia"": 0.25}",0.8692008283259581,303,1.1171800966979666,3.0,0.6860436893203884,0.16854397198480475,0.9072976262441044,-0.2931834450385957,0.5748754741681169,28.0808853854778,0.12480751850603644,0.7642826197578884,-0.4509255385902531,11.739656070870243,0.04373645347876831,16.341229314607556,True,True,True,0.13851035391712174,0.8139885127960077,-0.2931834450385957,0.4724357949299891,2.4535708264711866,0.1275301471351744,0.7054957042645205,-0.3813637314369379,2.148150078165711,0.010980206781947333,0.3054207483054756,True,True,True,0.1945438851503043,0.9826974804500416,-0.24258555499513235,0.8019598906217147,7.556439698354145,0.12172602185385584,0.8333394777673826,-0.24176451049203518,3.0034389021714203,0.07281786329644846,4.553000796182725,True,True,False
overlay_0.5x_sma100,"{""bull_overlay"": 0.5, ""bull_overlay_ma_days"": 100}",0.8263307059571803,303,1.1236191295453337,3.0,0.6860436893203884,0.16210173506837422,0.8635199969000533,-0.324554592376712,0.4994590706028956,24.802402858119912,0.12480751850603644,0.7642826197578884,-0.4509255385902531,11.739656070870243,0.03729421656233778,13.062746787249669,True,True,True,0.13479485021211013,0.7749310212022854,-0.324554592376712,0.4153225786300171,2.34737688607328,0.1275301471351744,0.7054957042645205,-0.3813637314369379,2.148150078165711,0.007264703076935719,0.1992268079075692,True,True,True,0.18583318100649793,0.9359261786115322,-0.247706140009321,0.7502162885405471,6.832661801456138,0.12172602185385584,0.8333394777673826,-0.24176451049203518,3.0034389021714203,0.06410715915264209,3.8292228992847175,True,True,False
rerisk_pyramid_i25+overlay_0.5x_sma100,"{""bull_overlay"": 0.5, ""bull_overlay_ma_days"": 100, ""rerisk"": true, ""rerisk_increase_only"": true, ""rerisk_inertia"": 0.25}",0.8354919238557764,303,1.1298597091676936,3.0,0.6860436893203884,0.1650623788234955,0.8726965604264633,-0.32455459237671247,0.5085812454993908,26.2627209658597,0.12480751850603644,0.7642826197578884,-0.4509255385902531,11.739656070870243,0.04025486031745906,14.523064894989457,True,True,True,0.13406160626434915,0.7707676766594016,-0.32455459237671247,0.4130633471633119,2.3267686398852296,0.1275301471351744,0.7054957042645205,-0.3813637314369379,2.148150078165711,0.006531459129174744,0.17861856171951862,True,True,True,0.19186090149275103,0.9544068988857857,-0.2663790615136945,0.7202551897379047,7.327227618711353,0.12172602185385584,0.8333394777673826,-0.24176451049203518,3.0034389021714203,0.0701348796388952,4.323788716539933,True,True,False
rerisk_rebalance_i10+overlay_0.5x_sma100,"{""bull_overlay"": 0.5, ""bull_overlay_ma_days"": 100, ""rerisk"": true, ""rerisk_inertia"": 0.1}",0.8838551079824063,303,1.1090091471426342,3.0,0.6860436893203884,0.16598429451369334,0.9237442114930187,-0.27809707690084506,0.5968573865049099,26.733318508758348,0.12480751850603644,0.7642826197578884,-0.4509255385902531,11.739656070870243,0.0411767760076569,14.993662437888105,True,True,True,0.13325725733621585,0.801769184358648,-0.27809707690084506,0.4791753254699921,2.304292664670715,0.1275301471351744,0.7054957042645205,-0.3813637314369379,2.148150078165711,0.005727110201041441,0.15614258650500412,True,True,True,0.19422142504388873,1.0210893941625183,-0.24145931950029964,0.8043649979873637,7.528588676653618,0.12172602185385584,0.8333394777673826,-0.24176451049203518,3.0034389021714203,0.07249540319003289,4.525149774482197,True,True,True
rerisk_pyramid_i10+overlay_0.5x_sma100,"{""bull_overlay"": 0.5, ""bull_overlay_ma_days"": 100, ""rerisk"": true, ""rerisk_increase_only"": true, ""rerisk_inertia"": 0.1}",0.8279859890939739,303,1.1366945231473968,3.0,0.6860436893203884,0.16420253831096976,0.8652835636629145,-0.32674531209062074,0.5025398444444376,25.830682227792515,0.12480751850603644,0.7642826197578884,-0.4509255385902531,11.739656070870243,0.03939501980493332,14.091026156922272,True,True,True,0.13300782139578438,0.7628557329715336,-0.32674531209062074,0.4070687978497929,2.297350331376875,0.1275301471351744,0.7054957042645205,-0.3813637314369379,2.148150078165711,0.005477674260609966,0.14920025321116404,True,True,True,0.19116115981072612,0.9472661091269015,-0.26637906151369295,0.7176283253062654,7.268380615951889,0.12172602185385584,0.8333394777673826,-0.24176451049203518,3.0034389021714203,0.06943513795687029,4.264941713780469,True,True,False
rerisk_rebalance_i25+overlay_1x_sma100,"{""bull_overlay"": 1.0, ""bull_overlay_ma_days"": 100, ""rerisk"": true, ""rerisk_inertia"": 0.25}",0.7837110325526284,303,1.414212645786946,3.0,0.6860436893203884,0.16639096723695945,0.8278952908278577,-0.4036049447697876,0.41226196406455645,26.94336066417452,0.12480751850603644,0.7642826197578884,-0.4509255385902531,11.739656070870243,0.04158344873092301,15.203704593304277,True,True,True,0.12348321521417605,0.6643079398504079,-0.4036049447697876,0.305950699599604,2.041833656602241,0.1275301471351744,0.7054957042645205,-0.3813637314369379,2.148150078165711,-0.0040469319209983645,-0.10631642156346999,False,False,False,0.20318555152895978,0.9591213565615164,-0.3281107332417158,0.6192590822052599,8.33462792099949,0.12172602185385584,0.8333394777673826,-0.24176451049203518,3.0034389021714203,0.08145952967510395,5.331189018828069,True,True,False
overlay_1x_sma100,"{""bull_overlay"": 1.0, ""bull_overlay_ma_days"": 100}",0.7481934584608206,303,1.420651678634313,3.0,0.6860436893203884,0.15995963470168584,0.7915056211065348,-0.4036049447697866,0.39632724220692017,23.79267251911299,0.12480751850603644,0.7642826197578884,-0.4509255385902531,11.739656070870243,0.0351521161956494,12.053016448242747,True,True,True,0.11981433483994253,0.6374155196738084,-0.4036049447697866,0.2968604235220254,1.9482394231487743,0.1275301471351744,0.7054957042645205,-0.3813637314369379,2.148150078165711,-0.007715812295231883,-0.19991065501693672,False,False,False,0.19441209097271694,0.9168979877207024,-0.33265300900380845,0.584429076877796,7.545046512854896,0.12172602185385584,0.8333394777673826,-0.24176451049203518,3.0034389021714203,0.07268606911886111,4.541607610683475,True,True,False
rerisk_pyramid_i25+overlay_1x_sma100,"{""bull_overlay"": 1.0, ""bull_overlay_ma_days"": 100, ""rerisk"": true, ""rerisk_increase_only"": true, ""rerisk_inertia"": 0.25}",0.7572627464778561,303,1.426892258256673,3.0,0.6860436893203884,0.1629160807842689,0.8005667220374388,-0.4036049447697866,0.40365234097217284,25.196457676685863,0.12480751850603644,0.7642826197578884,-0.4509255385902531,11.739656070870243,0.03810856227823245,13.45680160581562,True,True,True,0.1190933932534386,0.6340286352619084,-0.4036049447697866,0.2950741679375822,1.9301540929200711,0.1275301471351744,0.7054957042645205,-0.3813637314369379,2.148150078165711,-0.008436753881735815,-0.2179959852456399,False,False,False,0.2004835228561297,0.9347482402580387,-0.3492170497297995,0.5740943147284769,8.084602842040402,0.12172602185385584,0.8333394777673826,-0.24176451049203518,3.0034389021714203,0.07875750100227386,5.081163939868982,True,True,False
rerisk_rebalance_i10+overlay_1x_sma100,"{""bull_overlay"": 1.0, ""bull_overlay_ma_days"": 100, ""rerisk"": true, ""rerisk_inertia"": 0.1}",0.7911437359486232,303,1.4060416962316138,3.0,0.6860436893203884,0.1638358684316854,0.8369825733998149,-0.39837948871960516,0.41125578266656043,25.64843696691048,0.12480751850603644,0.7642826197578884,-0.4509255385902531,11.739656070870243,0.039028349925648964,13.908780896040238,True,True,True,0.1182992846323776,0.6491923149073808,-0.39837948871960516,0.2969512436812258,1.9103483325229287,0.1275301471351744,0.7054957042645205,-0.3813637314369379,2.148150078165711,-0.00923086250279681,-0.23780174564278234,False,False,False,0.20286064823294936,0.9901269825216532,-0.32711166919453427,0.6201571736418475,8.304233599412418,0.12172602185385584,0.8333394777673826,-0.24176451049203518,3.0034389021714203,0.08113462637909352,5.300794697240998,True,True,False
rerisk_pyramid_i10+overlay_1x_sma100,"{""bull_overlay"": 1.0, ""bull_overlay_ma_days"": 100, ""rerisk"": true, ""rerisk_increase_only"": true, ""rerisk_inertia"": 0.1}",0.7512123536080995,303,1.4337270722363762,3.0,0.6860436893203884,0.16205789778979462,0.7945890836747643,-0.4036049447697865,0.4015260464220312,24.78135154766036,0.12480751850603644,0.7642826197578884,-0.4509255385902531,11.739656070870243,0.037250379283758184,13.041695476790117,True,True,True,0.11805359260309078,0.6281003488334809,-0.4036049447697865,0.29249788470859234,1.9042448855636986,0.1275301471351744,0.7054957042645205,-0.3813637314369379,2.148150078165711,-0.009476554532083625,-0.24390519260201238,False,False,False,0.19977879065444948,0.9285624238941919,-0.34921704972979994,0.5720762798065688,8.020410127263549,0.12172602185385584,0.8333394777673826,-0.24176451049203518,3.0034389021714203,0.07805276880059364,5.016971225092129,True,True,False
